4,0.1,0.1,1227.24025,12.495368883477749,8000,8,9,1197.37225,11.804301686611145,0.024944623528731495
4,0.099,0.1,1266.715125,9.01964565928193,16000,6,8,1218.898375,8.776701252133503,0.03922948047247988
4,0.098,0.1,1273.900125,9.322258937489622,16000,6,8,1256.8300625,9.029765616250895,0.013581838157217018
4,0.097,0.1,1286.2186875,9.39770082426767,16000,6,8,1228.8193125,8.699815220557127,0.0467109968211864
4,0.096,0.1,1288.0809375,9.306155468933026,16000,8,9,1250.26075,8.902299358235704,0.030249839883400305
4,0.095,0.1,1303.6453125,9.384502989988489,16000,7,9,1267.7,8.932538735741177,0.02835474678551708
4,0.094,0.1,1328.9709375,9.776830459630396,16000,7,8,1292.2555625,8.994283986127424,0.028411852937951655
4,0.093,0.1,1356.6674375,9.784922292802584,16000,6,10,1295.657125,9.194534121114561,0.0470883162858384
4,0.092,0.1,1328.5131875,9.56942067542869,16000,9,10,1317.6925,9.357932102757097,0.00821184570755305
4,0.091,0.1,1356.513125,9.809682659086144,16000,9,10,1328.979375,9.390984176270505,0.020717966371750544
4,0.09,0.1,1377.1530625,9.978871818723253,16000,7,9,1325.6993125,9.422243947438066,0.03881253427141695
4,0.089,0.1,1384.789,9.7822086166335,16000,7,8,1362.4874375,9.60889722185578,0.016368270184509533
4,0.088,0.1,1415.5500625,10.368330884474233,16000,8,8,1406.2256875,10.095167019807084,0.006630781305507846
4,0.087,0.1,1465.9823125,10.626290532433966,16000,6,7,1387.2633125,9.885116966355488,0.056744094138941666
4,0.08600000000000001,0.1,1441.0188125,10.4428142603786,16000,8,9,1417.4226875,9.976241034665684,0.01664720425889192
4,0.085,0.1,1472.101875,10.667910305068425,16000,6,7,1418.42225,10.064441761229553,0.03784460163396336
4,0.084,0.1,1465.6775625,10.573888179460614,16000,8,9,1449.8005625,10.24136529930329,0.010951161429143087
4,0.083,0.1,1500.4225,11.004183547631158,16000,7,8,1441.8114375,10.17447295942057,0.040650990119503676
4,0.082,0.1,1514.868375,10.902646827455776,16000,8,9,1470.504625,10.47971467630532,0.03016906526220547
4,0.081,0.1,1540.314,11.246945544202418,16000,7,8,1476.3024375,10.462370620595092,0.04335938278907033
4,0.08,0.1,1546.890375,11.309772314952829,16000,7,9,1517.384875,10.779743914731641,0.019444967777209447
4,0.079,0.1,1577.835375,11.33979951928645,16000,6,9,1535.3133125,10.97157709514889,0.02769601628136744
4,0.078,0.1,1577.6441875,11.4502698777972,16000,9,11,1555.2100625,11.14293485151957,0.014425141362535386
4,0.077,0.1,1616.7938125,11.600738591276412,16000,7,10,1559.4146875,11.067285723756042,0.03679529599146485
4,0.07600000000000001,0.1,1693.215,12.243056171189474,16000,5,9,1586.85375,11.347572895493323,0.06702649818863265
4,0.07500000000000001,0.1,1645.5505,11.926157542570763,16000,8,8,1641.308875,11.64995303404409,0.0025842941963011763
4,0.07400000000000001,0.1,1681.2175625,12.153068246966674,16000,9,11,1634.32375,11.625639592101113,0.028693098598120456
4,0.07300000000000001,0.1,1683.9810625,12.058436335172983,16000,9,10,1664.5855625,11.87730325330794,0.011651849227185691
4,0.07200000000000001,0.1,1783.0575625,13.10172885848023,16000,5,6,1669.0206875,11.828517881440174,0.06832562103877458
4,0.07100000000000001,0.1,1744.6985,12.493965431221552,16000,9,10,1686.8020625,11.905583415197736,0.0343231958195451
4,0.07,0.1,1756.6148125,12.627417417973225,16000,8,10,1712.613,12.220537468724586,0.025692793701787803
4,0.069,0.1,1839.84725,13.445186389918739,16000,5,7,1731.3384375,12.475103048092977,0.06267336885137455
4,0.068,0.1,1827.4934375,13.106938746626826,16000,8,9,1804.307125,12.794399060102782,0.01285053535439538
4,0.067,0.1,1913.268875,13.818432495861455,16000,5,7,1796.5834375,12.77204775572436,0.06494852121222454
4,0.066,0.1,1878.08175,13.637727713919519,16000,8,10,1814.6620625,12.936874511348048,0.034948483693227596
4,0.065,0.1,1906.1034375,13.888534299632681,16000,7,8,1879.86575,13.190526416864708,0.013957213433991228
4,0.064,0.1,1974.2729375,14.291228698511052,16000,6,8,1883.9915,13.008068396783026,0.04792029979965398
4,0.063,0.1,1973.7691875,14.57118375303216,16000,8,9,1893.893,13.414788972003443,0.04217566013497067
4,0.062,0.1,2003.4259375,14.347994286996192,16000,7,9,1920.6755625,13.672358251877618,0.043083994306820805
4,0.061,0.1,2041.043125,14.845885438143451,16000,7,8,1974.9561875,14.200625329051757,0.033462482822799317
4,0.060000000000000005,0.1,2085.6374375,15.334586505631707,16000,7,8,2026.1745625,14.303191240550344,0.02934736034126869
4,0.059000000000000004,0.1,2106.15975,15.285135271860568,16000,7,10,2068.844,14.767692564837036,0.018037005206772358
4,0.058,0.1,2144.594125,15.541316792702396,16000,7,8,2094.2299375,14.786300629991022,0.024049024702666063
4,0.057,0.1,2125.780125,15.251217825451972,16000,12,12,2125.3939375,14.908862772724571,0.00018170160984579023
4,0.056,0.1,2234.0735625,16.066695228594437,16000,8,12,2169.6569375,15.306995305151524,0.02968977440010619
4,0.055,0.1,2261.361375,16.447256821361307,16000,9,10,2168.081,15.50454727612241,0.04302439576750122
4,0.054000000000000006,0.1,2321.7378125,16.927085803304657,16000,7,8,2242.405375,15.971071318637673,0.03537827655269521
4,0.053000000000000005,0.1,2322.09525,16.82128806222845,16000,9,10,2300.1456875,16.28427634947835,0.009542683587080375
4,0.052000000000000005,0.1,2421.4953125,17.585719847090367,16000,6,7,2319.5024375,16.269411943667578,0.04397187661933655
4,0.051000000000000004,0.1,2395.2723125,16.97229277589373,16000,14,15,2356.937125,16.64197938248802,0.016264832478295452
4,0.05,0.1,2567.700125,18.561454640469577,16000,5,9,2410.3134375,16.89345951270554,0.06529718710079584
4,0.1,0.11,1038.0358125,7.456803180731342,16000,7,9,1009.7034375,7.055624938353505,0.028060095615946707
4,0.099,0.11,1055.6115,7.720371576448849,16000,6,9,1014.375,7.203713568097929,0.04065212569316079
4,0.098,0.11,1054.0831875,7.493501007955561,16000,7,9,1024.2925,7.301221086970276,0.029084160530317146
4,0.097,0.11,1058.0645625,7.473710775097492,16000,9,10,1034.9539375,7.282088646470192,0.022330100077521595
4,0.096,0.11,1084.5994375,7.719006713552218,16000,7,10,1054.4786875,7.404162212224125,0.028564588698716628
4,0.095,0.11,1102.2473125,7.9749729484947025,16000,6,7,1062.5381875,7.538694924305021,0.03737195092576365
4,0.094,0.11,1130.680875,8.160644136827383,16000,5,6,1072.387375,7.5563630665171955,0.05435862204177851
4,0.093,0.11,1117.5794375,7.946380056925656,16000,8,12,1082.89375,7.577049924861511,0.03203055470585188
4,0.092,0.11,1178.67725,8.379392896630973,16000,4,10,1098.74925,7.798526590169995,0.07274453202129592
4,0.091,0.11,1132.2669375,8.153839383338688,16000,6,10,1105.4171875,7.902513900327994,0.02428924600016687
4,0.09,0.11,1156.1285,8.253570043022313,16000,7,8,1124.039875,7.836719652479346,0.02854758600089707
4,0.089,0.11,1169.5140625,8.420881678157592,16000,6,9,1128.921375,7.889180446924737,0.03595705458229986
4,0.088,0.11,1172.5614375,8.345355308795515,16000,7,11,1140.8499375,7.920916956740164,0.02779638141497476
4,0.087,0.11,1178.811,8.346781045082643,16000,8,8,1172.6388125,8.308964618952716,0.005263502652484339
4,0.08600000000000001,0.11,1198.181,8.524617472052062,16000,7,9,1174.7375625,8.263179308577843,0.019956318967199172
4,0.085,0.11,1232.6828125,8.783377974131117,16000,6,7,1177.1425,8.331316964419969,0.047182318623276306
4,0.084,0.11,1204.5743125,8.576336277610764,16000,10,16,1211.2155,8.61061224713442,-0.005483076710956981
4,0.083,0.11,1236.61375,8.838177594494274,16000,8,10,1212.21275,8.70942400794962,0.020129304860058657
4,0.082,0.11,1236.432375,8.76016638930173,16000,18,19,1246.2120625,8.656581207075888,-0.0078475307648532
4,0.081,0.11,1279.61975,9.13174753041517,16000,6,8,1238.42575,8.744606289383094,0.03326319724860369
4,0.08,0.11,1276.6168125,9.191972004584942,16000,9,9,1268.1148125,8.91731717616841,0.0067044402574549635
4,0.079,0.11,1309.1985625,9.244490304150148,16000,7,12,1280.6963125,9.03647618548449,0.022255276072718454
4,0.078,0.11,1359.601,9.755954615001324,16000,5,7,1283.7754375,9.072721155090205,0.05906450636542901
4,0.077,0.11,1361.3516875,9.85614589074763,16000,6,7,1313.145125,9.239005850005016,0.036710765308594524
4,0.07600000000000001,0.11,1367.9260625,9.750370239574735,16000,8,10,1325.380375,9.318994710409594,0.032100737495830194
4,0.07500000000000001,0.11,1375.9683125,9.902029971428073,16000,7,10,1338.074375,9.429812721285606,0.028319754273748794
4,0.07400000000000001,0.11,1386.8654375,9.873445216608408,16000,9,10,1369.274125,9.48085651497513,0.012847180983574189
4,0.07300000000000001,0.11,1416.0263125,10.111574873679972,16000,8,9,1380.28175,9.752511331524463,0.025896569667750658
4,0.07200000000000001,0.11,1406.3125625,9.980501558597094,16000,14,14,1402.38125,9.846274337096236,0.002803312223405799
4,0.07100000000000001,0.11,1473.1811875,10.76088501676597,16000,6,7,1418.1769375,10.094326026283733,0.03878518155637416
4,0.07,0.11,1460.1638125,10.414991424322363,16000,8,10,1443.6509375,10.234565293405284,0.011438274011441837
4,0.069,0.11,1518.9705625,11.031790601413057,16000,7,10,1460.336625,10.117687132725559,0.040150973752370284
4,0.068,0.11,1519.2578125,10.900786588572016,16000,7,8,1498.8225,10.641286936037757,0.013634244548637353
4,0.067,0.11,1524.5754375,10.75968774542436,16000,8,10,1502.7289375,10.551014742741343,0.014537884680882362
4,0.066,0.11,1576.645875,11.10063500384655,16000,7,8,1550.45525,10.900250830229204,0.016892216012039017
4,0.065,0.11,1590.463625,11.436233361517457,16000,7,10,1548.15525,11.00691228669093,0.02732825083272499
4,0.064,0.11,1619.87775,11.62679640273259,16000,8,9,1569.6408125,11.132968612868872,0.03200537161109276
4,0.063,0.11,1616.0125,11.515901846642569,16000,9,13,1575.852875,11.038835313803263,0.025484374612065232
4,0.062,0.11,1683.8795,12.091445315360268,16000,7,9,1599.8159375,11.234597564529551,0.05254577137877774
4,0.061,0.11,1681.12025,11.94142585888375,16000,11,13,1663.9688125,11.786464485825244,0.010307547455911184
4,0.060000000000000005,0.11,1711.87425,12.249813797054223,16000,11,13,1678.1479375,11.758294158163702,0.020097341686242234
4,0.059000000000000004,0.11,1787.3385,12.852940695559893,16000,6,7,1727.1981875,12.168307961611443,0.034819578283051066
4,0.058,0.11,1821.8636875,12.956596656007195,16000,5,7,1749.430375,12.466659876536289,0.04140394126859725
4,0.057,0.11,1880.5125,13.536198745505576,16000,5,7,1781.025875,12.64106327809118,0.05585916880629261
4,0.056,0.11,1860.746,13.326041994329737,16000,7,10,1800.10425,12.851183632081527,0.033687910019655806
4,0.055,0.11,1899.1306875,13.703632008610219,16000,6,8,1805.880875,12.701312897894564,0.05163674624994296
4,0.054000000000000006,0.11,1920.70775,13.861301349530732,16000,7,8,1876.487375,13.09157303352786,0.02356550626939342
4,0.053000000000000005,0.11,1952.6089375,14.025677799787799,16000,8,14,1891.9940625,13.474839717176717,0.032037560900115135
4,0.052000000000000005,0.11,1988.969125,14.326551613727734,16000,8,9,1946.2304375,13.824217098796348,0.021959726184787903
4,0.051000000000000004,0.11,2014.4385625,14.380710508807823,16000,7,8,1984.540125,13.842384750977653,0.015065675479854558
4,0.05,0.11,2033.188375,14.493054447016732,16000,11,12,2003.545625,13.963737708434188,0.014795145980266848
4,0.1,0.12,887.435125,6.391272708169441,16000,6,8,855.0194375,6.019766541356151,0.0379122229019501
4,0.099,0.12,878.5139375,6.2120323567792,16000,8,9,867.645125,6.0761625768520355,0.01252679486904279
4,0.098,0.12,902.04275,6.476169387972431,16000,6,8,868.7280625,6.107342353640416,0.03834881010304648
4,0.097,0.12,902.943375,6.414212036489062,16000,7,10,873.117,6.193167483376727,0.03416079975535923
4,0.096,0.12,923.849,6.596441917901537,16000,6,8,899.0116875,6.404881608411666,0.027627352174996116
4,0.095,0.12,932.3719375,6.768242439791514,16000,7,9,898.2419375,6.252152024796578,0.03799644458261558
4,0.094,0.12,949.6805625,6.798094700855276,16000,6,7,920.3484375,6.40718884387729,0.03187067398047264
4,0.093,0.12,945.880875,6.7172716724684625,16000,7,8,926.598,6.5138008723440635,0.02081039997927903
4,0.092,0.12,926.405,6.589625915950731,16000,11,11,925.9626875,6.479432965385698,0.00047767853496791924
4,0.091,0.12,972.43325,6.863392031935728,16000,6,8,945.0399375,6.665875016910933,0.028986407254349603
4,0.09,0.12,974.19025,6.976325625258288,16000,7,8,943.895625,6.635388617165539,0.032095312445165745
4,0.089,0.12,995.042,7.109564265129229,16000,7,9,967.5790625,6.80745306305581,0.02838314569255168
4,0.088,0.12,1008.8089375,7.224126985829882,16000,6,8,966.8625625,6.777233533206033,0.04338400991712821
4,0.087,0.12,1004.5479375,7.205578922871195,16000,7,11,979.905875,6.875761653213392,0.025147377037615937
4,0.08600000000000001,0.12,1027.4638125,7.410835905868212,16000,7,8,988.5169375,7.024446036010748,0.03939929961999246
4,0.085,0.12,1028.9971875,7.249877841786848,16000,8,12,1012.3515,7.091317006115786,0.016442596766044325
4,0.084,0.12,1040.3736875,7.346031379030339,16000,8,8,1034.10225,7.233471035415664,0.006064620302296072
4,0.083,0.12,1074.8560625,7.595977917930588,16000,6,7,1032.593875,7.149851940972546,0.04092817953234516
4,0.082,0.12,1057.2015625,7.484607189111672,16000,10,11,1035.5616875,7.231154912062866,0.020896751261860337
4,0.081,0.12,1088.741125,7.871782780118299,16000,6,7,1052.8671875,7.389603038354819,0.03407261421564627
4,0.08,0.12,1097.6849375,7.7760161950504365,16000,8,11,1078.1168125,7.5162798270020925,0.01815028276446622
4,0.079,0.12,1112.63175,7.996366041391886,16000,7,8,1087.2781875,7.638906392361107,0.023318376834447395
4,0.078,0.12,1144.548875,8.314219867147164,16000,6,7,1090.347625,7.668502205482889,0.04971006379731403
4,0.077,0.12,1151.9376875,8.122672627687226,16000,6,11,1108.2901875,7.76560307519978,0.039382736121174974
4,0.07600000000000001,0.12,1144.02,8.18214442814139,16000,8,9,1128.724,7.935573202737373,0.013551585684365753
4,0.07500000000000001,0.12,1161.3995625,8.166189047896955,16000,8,9,1136.71625,7.943343955295723,0.021714576966767263
4,0.07400000000000001,0.12,1192.060125,8.516573830771824,16000,6,9,1159.478,8.150925387842008,0.028100684100948792
4,0.07300000000000001,0.12,1207.0270625,8.52643481573185,16000,7,9,1171.5384375,8.205943300258834,0.030292326622872717
4,0.07200000000000001,0.12,1208.4828125,8.355320919151803,16000,13,14,1182.7063125,8.168007049799993,0.021794506148795027
4,0.07100000000000001,0.12,1261.00375,9.111569564332973,16000,6,7,1190.5113125,8.324605514504874,0.05921190060090256
4,0.07,0.12,1241.3719375,8.814575764291284,16000,8,10,1215.6124375,8.571341978090835,0.021190553177439102
4,0.069,0.12,1276.878375,9.101771114801592,16000,7,8,1237.176125,8.612634366062554,0.03209102503493595
4,0.068,0.12,1280.028,9.122101567768707,16000,9,10,1265.7285,8.889472683715358,0.011297446490301894
4,0.067,0.12,1300.2578125,9.155465117423484,16000,9,12,1274.3921875,8.931563792889419,0.020296440337366637
4,0.066,0.12,1339.9304375,9.591528891585913,16000,6,8,1295.372625,9.057742603367293,0.03439767958659768
4,0.065,0.12,1364.010375,9.531845348105147,16000,7,8,1300.0228125,9.009404413444788,0.049220338200795966
4,0.064,0.12,1368.4613125,9.7926229683142,16000,7,8,1345.0769375,9.476108078403795,0.017385157940082583
4,0.063,0.12,1402.2485,9.924902576864138,16000,6,8,1363.0671875,9.458878136270101,0.028744960526753106
4,0.062,0.12,1453.603375,10.502435692849694,16000,5,6,1378.1564375,9.725713770313824,0.054744828269903775
4,0.061,0.12,1455.1311875,10.322400345550792,16000,6,7,1415.3755625,10.023679434655337,0.028088392970258034
4,0.060000000000000005,0.12,1460.8060625,10.499003737052318,16000,8,10,1413.92375,9.890513281956471,0.033157596016051165
4,0.059000000000000004,0.12,1500.309375,10.747502534667188,16000,6,7,1450.6061875,10.13986745324854,0.0342637360355255
4,0.058,0.12,1489.6535625,10.59336121696754,16000,13,13,1491.3368125,10.485443633387158,-0.0011286853418298784
4,0.057,0.12,1588.204375,11.421488643626144,16000,5,6,1512.614625,10.589950015824105,0.04997290701192321
4,0.056,0.12,1591.2668125,11.568241162370418,16000,6,8,1542.09475,10.886121839930965,0.03188653777597002
4,0.055,0.12,1607.87725,11.615990721772524,16000,6,7,1539.5680625,10.82477265226177,0.044369059844666665
4,0.054000000000000006,0.12,1678.1508125,12.019258581985076,16000,5,6,1585.5695625,11.114682242343926,0.05838990113686668
4,0.053000000000000005,0.12,1632.62425,11.422252852976222,16000,9,10,1608.692,11.319873706787043,0.014876837828496733
4,0.052000000000000005,0.12,1686.4921875,11.836884538579357,16000,7,10,1653.2995625,11.484354763871018,0.020076594558464902
4,0.051000000000000004,0.12,1718.325125,12.362284964341326,16000,8,9,1668.8765,11.744534911497233,0.02962988873053218
4,0.05,0.12,1751.64325,12.486776660909173,16000,6,12,1705.8549375,11.99275167773793,0.02684185594767203
4,0.1,0.13,769.4935,7.839746674284723,8000,6,7,749.246125,7.473316963654121,0.0270236632855459
4,0.099,0.13,754.90975,7.6572925941942,8000,10,10,750.129,7.391399636127627,0.006373237136545863
4,0.098,0.13,769.263625,7.639966821098495,8000,8,9,737.860625,7.294684561998452,0.042559528095160275
4,0.097,0.13,786.178125,7.885851052227197,8000,7,8,757.807875,7.434506833466169,0.037437259410902875
4,0.096,0.13,782.1145,7.801118053543954,8000,6,8,754.863625,7.3408261605521865,0.03610039495544651
4,0.095,0.13,803.651125,8.045665392719595,8000,7,8,778.044875,7.618991176558276,0.032911019431880364
4,0.094,0.13,820.275875,8.326658269572514,8000,5,7,784.715375,7.78902740889055,0.04531643081416628
4,0.093,0.13,811.667,8.179645594882595,8000,7,8,790.610875,7.779609017916695,0.02663272877444301
4,0.092,0.13,804.8118125,5.692266844697045,16000,9,9,809.1843125,5.66197025735961,-0.0054035896796999
4,0.091,0.13,816.2591875,5.799029230447516,16000,9,10,799.183375,5.521825324074905,0.021366576225387693
4,0.09,0.13,824.181875,5.782513957177002,16000,10,10,819.784125,5.726024030272771,0.005364522031943438
4,0.089,0.13,851.7573125,6.055517166463936,16000,6,8,836.7725,5.858597479923105,0.017907869223713704
4,0.088,0.13,861.0044375,6.150007623910837,16000,6,8,843.476625,5.945015633071787,0.02078043656515079
4,0.087,0.13,867.24125,6.104737029746039,16000,7,9,841.7068125,5.928274864586767,0.03033649855364582
4,0.08600000000000001,0.13,885.222625,6.230553875307267,16000,6,9,862.85075,6.024574247635174,0.025927861799969518
4,0.085,0.13,888.32025,6.2693395980654,16000,7,8,872.6294375,5.986965406722731,0.01798107171923133
4,0.084,0.13,907.3761875,6.460591511174398,16000,6,7,879.4071875,6.150190762322198,0.03180437958383192
4,0.083,0.13,904.3974375,6.348616288263674,16000,7,8,890.2285,6.263800662644303,0.015916068178001456
4,0.082,0.13,912.6285,6.379062609562664,16000,7,9,881.486375,6.129910607364177,0.03532910534209911
4,0.081,0.13,940.2098125,6.6997819775383425,16000,7,8,903.997875,6.290153407063936,0.040057547148548305
4,0.08,0.13,957.30125,6.854275020742062,16000,6,7,917.759375,6.510145773966046,0.043085231354896274
4,0.079,0.13,945.099125,6.7209201521579525,16000,10,12,938.6611875,6.472303112837686,0.006858638224029025
4,0.078,0.13,996.4620625,7.24595224778429,16000,5,6,942.1043125,6.516782542914266,0.05769822861308684
4,0.077,0.13,959.5283125,6.735539604368032,16000,11,12,952.3931875,6.544802816620024,0.007491785003974545
4,0.07600000000000001,0.13,987.0166875,6.965284925987986,16000,8,9,968.4606875,6.758325792573585,0.019160302776874503
4,0.07500000000000001,0.13,996.7775625,7.111490167224347,16000,8,11,981.69275,6.9193991150178205,0.015366123973106655
4,0.07400000000000001,0.13,1021.2465,7.218719592036814,16000,6,7,1005.4658125,7.012486291966146,0.015694902107872513
4,0.07300000000000001,0.13,1021.14275,7.161701943856336,16000,12,12,1015.760125,7.053631794182662,0.005299110358363361
4,0.07200000000000001,0.13,1036.4955,7.215522597784018,16000,9,11,1023.0533125,7.229386279909336,0.013139283491641151
4,0.07100000000000001,0.13,1082.4399375,7.710655559847273,16000,5,7,1030.3838125,7.16723820122201,0.05052110132989892
4,0.07,0.13,1070.541125,7.580517667872555,16000,6,8,1058.00025,7.475538519172419,0.011853376216120851
4,0.069,0.13,1092.0374375,7.662554026196723,16000,8,9,1069.0294375,7.457037153437858,0.02152232594623926
4,0.068,0.13,1104.2289375,7.868869432696756,16000,7,13,1071.1010625,7.525788717364985,0.03092880416221241
4,0.067,0.13,1142.9990625,8.1327117255971,16000,6,7,1102.6078125,7.66148066950636,0.0366324721647119
4,0.066,0.13,1149.7524375,8.181255334085924,16000,6,10,1123.11975,7.785806229080318,0.023713132548866648
4,0.065,0.13,1166.59125,8.348974878802354,16000,6,7,1136.7084375,7.983130379703299,0.026288898291036044
4,0.064,0.13,1193.1269375,8.500913937950846,16000,5,10,1157.757,8.051692325802964,0.03055039831329016
4,0.063,0.13,1192.642875,8.40639757252208,16000,8,11,1166.2018125,8.24008288385631,0.022672801754027496
4,0.062,0.13,1204.2454375,8.419665303664686,16000,11,12,1186.1483125,8.202857091550353,0.01525705074929237
4,0.061,0.13,1245.3010625,8.82059172879475,16000,7,10,1208.9464375,8.456501500735953,0.03007132811870331
4,0.060000000000000005,0.13,1243.533375,8.78778758809919,16000,9,9,1237.3415,8.632421450022152,0.005004176292478658
4,0.059000000000000004,0.13,1275.0545625,9.064011572271049,16000,7,13,1235.5439375,8.492169557297645,0.03197832452639904
4,0.058,0.13,1285.5995,9.110340927043966,16000,9,9,1278.352125,8.818515697993414,0.005669310402249418
4,0.057,0.13,1335.007,9.436415042369942,16000,7,8,1303.36275,9.123029910486787,0.024278927719853936
4,0.056,0.13,1377.913,9.72558866552525,16000,6,7,1328.0758125,9.302911802168998,0.03752586036951112
4,0.055,0.13,1411.3638125,10.000987317511113,16000,5,8,1320.985,9.180085390288362,0.0684177431992037
4,0.054000000000000006,0.13,1430.1808125,10.140303700236474,16000,5,9,1374.2801875,9.606189416473143,0.040676294039929894
4,0.053000000000000005,0.13,1448.4854375,10.28257261314161,16000,6,10,1400.32075,9.835005874537487,0.03439546796689251
4,0.052000000000000005,0.13,1450.7385,10.194360316570304,16000,7,8,1415.775,10.002881225966911,0.0246956613868728
4,0.051000000000000004,0.13,1492.148375,10.641191504938792,16000,7,8,1442.3051875,9.962989964322706,0.03455800334906573
4,0.05,0.13,1544.8538125,11.027547360877982,16000,5,6,1462.7840625,10.192914832269135,0.05610517102554234
4,0.1,0.13999999999999999,651.892375,6.4586077171816205,8000,7,8,640.288,6.1632276946785005,0.01812368028137339
4,0.099,0.13999999999999999,672.65,6.649027074608725,8000,5,10,648.925125,6.4848855402312635,0.036560265716325896
4,0.098,0.13999999999999999,663.83775,6.632515736316895,8000,7,8,651.847875,6.246738336152164,0.01839367045570254
4,0.097,0.13999999999999999,695.096125,6.93417688152322,8000,5,7,657.793875,6.408846651337556,0.05670811392094533
4,0.096,0.13999999999999999,717.199625,7.354273061519428,8000,4,5,675.99125,6.694495317432382,0.06095992366765092
4,0.095,0.13999999999999999,706.339,6.998623224481711,8000,5,9,674.78325,6.640260147146527,0.04676427578781795
4,0.094,0.13999999999999999,720.766125,7.340201161502453,8000,4,6,686.123,6.795661947083402,0.05049112914156782
4,0.093,0.13999999999999999,706.4415,7.070571361788347,8000,6,7,687.73475,6.578507668495016,0.027200530437061755
4,0.092,0.13999999999999999,722.67675,7.316065592885264,8000,5,6,696.09075,6.937229980549158,0.03819329591723495
4,0.091,0.13999999999999999,717.323375,7.1285128642766855,8000,7,10,709.3075,7.038147782957218,0.011300987230503063
4,0.09,0.13999999999999999,740.432,7.405236379176491,8000,5,6,715.938125,6.961483790768437,0.03421227916867816
4,0.089,0.13999999999999999,762.501875,7.535509010615453,8000,5,6,722.095125,7.105396329403733,0.055957655163507695
4,0.088,0.13999999999999999,740.238375,7.255524920226546,8000,9,10,729.04075,7.11293677884755,0.0153593952052749
4,0.087,0.13999999999999999,766.951875,7.756514452183334,8000,5,7,736.668625,7.313882106028493,0.041108374881582546
4,0.08600000000000001,0.13999999999999999,753.197125,7.611882532613275,8000,8,8,753.772125,7.480720665314078,-0.0007628300131156107
4,0.085,0.13999999999999999,804.061125,8.10942168567533,8000,4,10,748.621,7.3640304250042,0.07405633157498917
4,0.084,0.13999999999999999,777.22625,7.586135886591303,8000,9,10,769.539375,7.37422299817442,0.00998893006611923
4,0.083,0.13999999999999999,796.3005,7.948506386450267,8000,6,8,778.712875,7.599301999814841,0.022585506885320218
4,0.082,0.13999999999999999,800.179875,7.967284709560934,8000,6,7,777.832375,7.607676895943764,0.02873048322268674
4,0.081,0.13999999999999999,824.906625,8.166630201274527,8000,5,6,788.208875,7.687589568824654,0.04655840750334095
4,0.08,0.13999999999999999,803.648875,7.929000097575212,8000,10,10,801.37725,7.819685215126159,0.002834651220757729
4,0.079,0.13999999999999999,842.37825,8.517079317590623,8000,6,7,815.028375,7.890750398106195,0.033556960516865436
4,0.078,0.13999999999999999,839.692875,8.371141673273637,8000,7,8,815.917375,7.8580111581069785,0.029139592719176946
4,0.077,0.13999999999999999,874.09125,8.790126709133663,8000,5,8,825.262375,8.037271544328933,0.059167698030580786
4,0.07600000000000001,0.13999999999999999,876.656875,8.779140993762024,8000,5,7,833.8685,8.065086008298914,0.05131309672928042
4,0.07500000000000001,0.13999999999999999,863.27225,6.0909259110294105,16000,9,9,859.9280625,5.966886392943572,0.003888915417270704
4,0.07400000000000001,0.13999999999999999,890.1201875,6.265938922849321,16000,6,9,866.695375,6.04328188897907,0.027027734513986566
4,0.07300000000000001,0.13999999999999999,901.8008125,6.366305462437972,16000,7,9,878.2886875,6.034309706356537,0.02677038351356423
4,0.07200000000000001,0.13999999999999999,901.090375,6.288183882235476,16000,9,12,896.0735,6.219591976529211,0.005598731577264619
4,0.07100000000000001,0.13999999999999999,921.365,6.509747768808008,16000,7,9,901.6606875,6.248004090605874,0.021853356559919903
4,0.07,0.13999999999999999,946.001625,6.664214829181159,16000,7,8,911.429625,6.398692198821835,0.037931617594721044
4,0.069,0.13999999999999999,977.791125,6.8955032259979685,16000,5,8,933.8243125,6.486260948764597,0.047082531383546455
4,0.068,0.13999999999999999,974.185,6.9034849962948694,16000,6,7,943.1856875,6.5424715884324725,0.03286660613157361
4,0.067,0.13999999999999999,967.6189375,6.876575520129711,16000,8,8,962.2935,6.676964517620075,0.005534109395937956
4,0.066,0.13999999999999999,984.74625,6.920457391930694,16000,8,11,973.183125,6.848078098378569,0.011881756581013479
4,0.065,0.13999999999999999,1003.978125,6.930018763194037,16000,8,9,975.8003125,6.817202384229683,0.028876617622521982
4,0.064,0.13999999999999999,1023.32925,7.166876583737525,16000,7,8,999.18575,6.953057287322329,0.024163174865133953
4,0.063,0.13999999999999999,1042.902875,7.2756156661741365,16000,7,10,1015.8549375,6.997139439977032,0.026625787306369213
4,0.062,0.13999999999999999,1097.6893125,7.897814498959654,16000,5,6,1021.682375,7.082445926283421,0.07439390103993909
4,0.061,0.13999999999999999,1094.3794375,7.762241877707801,16000,5,7,1047.64,7.23816136229061,0.044614025333129595
4,0.060000000000000005,0.13999999999999999,1075.31525,7.607937203284503,16000,10,13,1066.71375,7.347953669151966,0.008063550319849365
4,0.059000000000000004,0.13999999999999999,1125.9370625,8.0186116087376,16000,5,8,1080.9399375,7.561766130764411,0.041627775456302696
4,0.058,0.13999999999999999,1119.797875,7.791974986904318,16000,10,11,1113.607625,7.648918950385117,0.00555873528613804
4,0.057,0.13999999999999999,1175.2245625,8.21173102244804,16000,5,7,1120.7353125,7.7277422413429395,0.04861919615832582
4,0.056,0.13999999999999999,1173.4283125,8.266957751065231,16000,6,7,1150.187875,7.999038333087448,0.020205775078266992
4,0.055,0.13999999999999999,1178.3271875,8.240324304166817,16000,9,13,1158.2263125,8.035619173971838,0.017354876834573804
4,0.054000000000000006,0.13999999999999999,1214.5199375,8.512347047193227,16000,9,9,1207.8143125,8.444942770643312,0.005551867477145875
4,0.053000000000000005,0.13999999999999999,1241.638625,8.825946154515927,16000,7,8,1200.018625,8.34009697137345,0.03468279502745228
4,0.052000000000000005,0.13999999999999999,1289.7694375,9.141079304468388,16000,5,9,1253.9628125,8.709153905217827,0.028554774227006967
4,0.051000000000000004,0.13999999999999999,1332.2008125,9.43449960341567,16000,5,6,1248.2028125,8.567274155328821,0.06729515360709865
4,0.05,0.13999999999999999,1318.44025,9.303785204484882,16000,8,9,1292.0046875,9.10558358386123,0.020460887453243128
4,0.1,0.15,570.143375,5.607698537518501,8000,8,9,564.088375,5.399301135536103,0.01073413363641814
4,0.099,0.15,581.27675,5.742872291388612,8000,6,7,567.12375,5.480865970899677,0.024955752602496405
4,0.098,0.15,597.904375,6.069451398408436,8000,5,7,571.081625,5.577471323309535,0.0469683296148776
4,0.097,0.15,613.118375,6.26268828935475,8000,5,7,579.561875,5.581883414157063,0.05789977127118658
4,0.096,0.15,617.9805,6.113836347934897,8000,5,9,582.95675,5.715297553557067,0.060079499894288804
4,0.095,0.15,603.58925,6.000098931180442,8000,7,8,585.036625,5.685531437356302,0.03171190350689589
4,0.094,0.15,617.088625,6.048503341873984,8000,6,7,595.2725,5.814329477366902,0.036648971689436254
4,0.093,0.15,625.7805,6.171493859433539,8000,6,9,603.40775,5.885858195355132,0.03707733286488282
4,0.092,0.15,641.271375,6.458226845704244,8000,5,6,622.975,6.016295082747383,0.029369356715759076
4,0.091,0.15,645.392875,6.703597497273757,8000,5,6,615.28725,6.099783898334472,0.04892938217068537
4,0.09,0.15,648.957125,6.493667039877769,8000,5,6,621.513875,6.084423391081179,0.04415549049488241
4,0.089,0.15,647.7035,6.518538282075638,8000,7,8,633.302875,6.187190060041123,0.02273892251002333
4,0.088,0.15,658.315125,6.466514177638945,8000,7,8,645.280875,6.235075472181332,0.020199343425450086
4,0.087,0.15,675.881625,6.713370180575669,8000,5,6,644.981625,6.211803746629738,0.047908341574847156
4,0.08600000000000001,0.15,695.67825,6.9835110586799765,8000,4,6,655.435375,6.302567516803303,0.06139869243401765
4,0.085,0.15,680.329625,6.627743367886519,8000,6,7,664.198125,6.5580239620995195,0.024287180876940838
4,0.084,0.15,668.929375,6.588736915100323,8000,10,10,673.83725,6.521975910165285,-0.007283472381498633
4,0.083,0.15,713.324625,7.2265446829870275,8000,5,8,675.546,6.612637390890864,0.05592309776092216
4,0.082,0.15,711.246875,7.066485942914942,8000,5,7,684.590375,6.69422932726992,0.03893788311002773
4,0.081,0.15,707.251125,7.060689601137396,8000,6,7,702.79825,6.817998174831539,0.0063359221512005025
4,0.08,0.15,711.80175,7.197449747825701,8000,7,7,708.953625,6.889793225081611,0.004017364323371619
4,0.079,0.15,718.688,7.06611209927531,8000,7,8,707.233125,6.91793868913856,0.016196745592197786
4,0.078,0.15,750.626375,7.466005443564205,8000,5,7,722.310625,6.999880103514032,0.0392016246472909
4,0.077,0.15,753.4115,7.3192735481656825,8000,6,11,728.207125,6.996879467810288,0.0346115468178096
4,0.07600000000000001,0.15,741.7695,7.293115950675849,8000,10,11,756.523125,7.391569716728914,-0.01950188237801727
4,0.07500000000000001,0.15,770.482625,7.644506728128586,8000,7,8,749.1545,7.229408741215439,0.02846959472311786
4,0.07400000000000001,0.15,798.646625,7.905479771664159,8000,5,6,770.336,7.568511412168479,0.03675100865077052
4,0.07300000000000001,0.15,811.102625,8.100696822898371,8000,5,6,781.733875,7.620404862298572,0.03756873143050118
4,0.07200000000000001,0.15,817.903125,8.218290671893108,8000,5,6,785.214625,7.584937725036063,0.04163001930841532
4,0.07100000000000001,0.15,810.249875,7.906810907741306,8000,6,9,801.590125,7.8032754800123945,0.010803214423331415
4,0.07,0.15,836.6905,8.513476155381523,8000,5,6,818.756875,7.887294727387133,0.021903480199784588
4,0.069,0.15,849.15125,8.564970952598557,8000,5,6,835.722125,7.860107346181554,0.01606888772987792
4,0.068,0.15,841.489125,8.400990289614526,8000,6,9,812.070375,7.940028071566692,0.03622684795021605
4,0.067,0.15,848.765625,8.520842448075369,8000,7,9,864.492,8.480779932177951,-0.018191463888618937
4,0.066,0.15,857.4075,8.503544819428585,8000,7,10,866.178,8.343077491684591,-0.010125516926082134
4,0.065,0.15,891.892,8.881186977736517,8000,6,8,874.11525,8.57365944042885,0.020336849174064985
4,0.064,0.15,921.078375,9.187887985127395,8000,5,6,884.770375,8.567222562255742,0.04103663620066405
4,0.063,0.15,928.27,9.115373176179768,8000,6,14,895.445625,8.811693569392041,0.03665702761125226
4,0.062,0.15,934.8345,9.327277276965338,8000,6,7,897.28575,8.73599052503057,0.04184703702248703
4,0.061,0.15,950.406875,9.419624646888952,8000,6,6,943.336125,9.124730981380129,0.007495472517815402
4,0.060000000000000005,0.15,944.96525,9.384071240241887,8000,7,7,952.708375,9.266158827146697,-0.008127487070741953
4,0.059000000000000004,0.15,968.0495,9.620043716057433,8000,8,8,967.901125,9.405153304887053,0.00015329561684308124
4,0.058,0.15,1046.454375,10.543435626333844,8000,4,5,973.829625,9.544550947400216,0.07457644349236148
4,0.057,0.15,1021.846625,10.311720779267027,8000,7,8,988.211875,9.533345695269643,0.03403597027206342
4,0.056,0.15,1001.1975,9.848682845294194,8000,11,13,1000.752625,9.626943608785293,0.00044454042776058124
4,0.055,0.15,1046.7365,10.45436461518141,8000,6,8,1021.0315,9.955020827749626,0.025175521029468656
4,0.054000000000000006,0.15,1082.903625,10.761336702255432,8000,6,7,1036.92625,10.23058534149786,0.044340062757597214
4,0.053000000000000005,0.15,1115.438875,11.152336522976118,8000,5,8,1075.299375,10.306319966292872,0.03732867416574105
4,0.052000000000000005,0.15,1082.346625,10.592141977946376,8000,9,9,1087.959625,10.494106981874436,-0.005159198807584479
4,0.051000000000000004,0.15,1094.5065,10.866084707730664,8000,8,8,1095.55575,10.56212093130746,-0.0009577330957370532
4,0.05,0.15,1158.313625,11.529598358153352,8000,7,7,1149.696625,11.263017816392182,0.007495020697307833
4,0.1,0.16,520.621125,5.18260421042279,8000,5,6,503.271875,4.911156042784898,0.03447291784385921
4,0.099,0.16,505.7345,4.9554365803056575,8000,7,7,507.0245,4.907624421209431,-0.0025442557509547637
4,0.098,0.16,522.448,5.114440133629981,8000,6,7,510.77325,4.911570485968263,0.022857011403788197
4,0.097,0.16,532.489625,5.27509905194167,8000,5,6,509.547375,4.829651773703056,0.045024763399085434
4,0.096,0.16,527.5295,5.2314829015430595,8000,7,10,519.645375,5.068716023292217,0.015172125798290885
4,0.095,0.16,528.2335,5.190098431743385,8000,8,9,527.17475,5.109577982201584,0.002008347326953789
4,0.094,0.16,546.601375,5.388188770372361,8000,7,14,520.543625,5.03944205521662,0.05005872466500755
4,0.093,0.16,558.009625,5.59645607285243,8000,5,6,542.629875,5.288510981728319,0.02834298424870186
4,0.092,0.16,562.137625,5.4916946086116445,8000,6,7,544.096125,5.1850490519455965,0.03315866291089636
4,0.091,0.16,568.456375,5.571342788180902,8000,6,9,552.3945,5.368309939722171,0.029076819193529238
4,0.09,0.16,584.231125,5.829832860033492,8000,4,6,542.922625,5.270337952876538,0.07608542745847068
4,0.089,0.16,588.53725,5.861897644496533,8000,5,6,560.7695,5.3708920883962,0.04951722588336202
4,0.088,0.16,578.8405,5.678936177620104,8000,8,9,565.378375,5.440074242543981,0.023810824034435372
4,0.087,0.16,589.315375,5.803803912128017,8000,6,9,570.332625,5.531846428979694,0.03328364741540081
4,0.08600000000000001,0.16,591.640375,5.762483164368889,8000,7,12,579.742875,5.679393968303105,0.020522028839077878
4,0.085,0.16,596.224375,5.833240718375785,8000,7,8,586.166875,5.622304532907249,0.017158083182370217
4,0.084,0.16,611.09525,6.086036962520712,8000,7,7,610.931375,5.930391605010142,0.00026823798335772457
4,0.083,0.16,626.658875,6.195840948307492,8000,5,6,597.2845,5.828129171841871,0.049179871568741505
4,0.082,0.16,637.027375,6.341095670011469,8000,5,6,615.950875,5.921852091448327,0.03421782621868994
4,0.081,0.16,633.997875,6.351102075802097,8000,6,9,619.503375,5.911476352097575,0.023396966965676363
4,0.08,0.16,638.193,6.21430458279975,8000,6,9,629.380375,6.101831392973421,0.014002065126355467
4,0.079,0.16,636.667125,6.299262313209034,8000,7,7,639.338125,6.216395630921553,-0.004177758052517102
4,0.078,0.16,658.878125,6.6662862472651785,8000,6,9,639.28025,6.15091039154553,0.030656155887812786
4,0.077,0.16,667.456,6.563541475841235,8000,6,7,656.003875,6.4013045795398655,0.017457404500849975
4,0.07600000000000001,0.16,672.70975,6.7325245138921295,8000,7,9,664.3885,6.441402545103221,0.01252467494545731
4,0.07500000000000001,0.16,688.283125,6.846326018796414,8000,6,7,665.785125,6.41214826373629,0.03379168316504525
4,0.07400000000000001,0.16,706.78075,7.025859514868627,8000,5,6,672.08225,6.500880812304143,0.05162835352369441
4,0.07300000000000001,0.16,717.351625,7.07370915208234,8000,6,7,677.333875,6.574845791914741,0.0590812765713216
4,0.07200000000000001,0.16,699.23875,6.8928884018145595,8000,7,9,698.4135,6.757302558210758,0.0011816065983833112
4,0.07100000000000001,0.16,732.30925,7.303428361737662,8000,5,6,711.128875,6.961085295903319,0.02978415832151384
4,0.07,0.16,721.96325,7.083884958353896,8000,7,7,720.182625,7.003750616150273,0.0024724631478022486
4,0.069,0.16,736.511375,7.139224766657776,8000,7,7,729.940625,6.986095964811453,0.009001759560923315
4,0.068,0.16,759.12425,7.569255787766706,8000,5,8,737.825375,7.10136372904812,0.028867094737694474
4,0.067,0.16,760.50525,7.290564058225575,8000,7,9,740.836125,7.080795415097223,0.026549899952570493
4,0.066,0.16,774.604125,7.636210415820624,8000,8,9,753.491375,7.308464581652484,0.028019896047250716
4,0.065,0.16,804.451,7.911428598880508,8000,5,7,767.54425,7.522250596530058,0.048084198402893366
4,0.064,0.16,798.683375,7.816414570955426,8000,7,8,776.5325,7.459127489833007,0.02852536757959252
4,0.063,0.16,795.022125,7.844044655198914,8000,9,10,786.147,7.611877731739415,0.011289396257951645
4,0.062,0.16,827.962375,8.191125886078185,8000,6,7,802.61425,7.762534379045636,0.03158195235133189
4,0.061,0.16,833.201625,8.234344024752954,8000,7,10,823.4235,7.923037124148011,0.01187496470528233
4,0.060000000000000005,0.16,852.385,8.454288882170275,8000,7,10,828.230125,8.056705292935053,0.02916444870922794
4,0.059000000000000004,0.16,876.265375,8.714493122748848,8000,6,7,845.094,7.977854809027251,0.036885097989099315
4,0.058,0.16,863.566625,8.555475669673806,8000,9,9,868.208375,8.554216575950187,-0.005346354784932824
4,0.057,0.16,929.771375,9.067909243133522,8000,4,7,861.02425,8.411174721182885,0.07984342485127449
4,0.056,0.16,920.302625,9.058191902800313,8000,5,7,881.9265,8.420542647940183,0.04351397196931944
4,0.055,0.16,924.424,9.102573614920777,8000,6,12,902.00275,8.725866837272525,0.02485718585669499
4,0.054000000000000006,0.16,958.611875,9.525492999058235,8000,5,8,937.108625,8.89649157068305,0.022946379348498788
4,0.053000000000000005,0.16,958.785,9.409031136306782,8000,7,10,936.66125,8.961391654193681,0.023619798513069664
4,0.052000000000000005,0.16,995.08175,9.753045650695492,8000,5,7,968.419125,9.43303813511117,0.027532113226285206
4,0.051000000000000004,0.16,1003.475875,9.827336531719135,8000,7,9,973.174375,9.389952525351152,0.031136763131478794
4,0.05,0.16,1012.5315,10.01589842593407,8000,6,6,1008.135625,9.924711394589298,0.004360400417354606
4,0.1,0.16999999999999998,464.447625,4.58943623555524,8000,5,7,450.8935,4.3401697796783605,0.030060590804702216
4,0.099,0.16999999999999998,459.098375,4.614416702559277,8000,6,7,452.773625,4.3066834564394405,0.013968901125810928
4,0.098,0.16999999999999998,461.205125,4.507818315503354,8000,6,8,461.2955,4.520199295681312,-0.00019591563325459396
4,0.097,0.16999999999999998,472.925375,4.659607769178002,8000,6,7,461.343375,4.513768319999599,0.025104944879722167
4,0.096,0.16999999999999998,487.493875,4.750394887718199,8000,5,6,464.54875,4.428758061965693,0.049392286600706645
4,0.095,0.16999999999999998,478.594125,4.671648363250843,8000,5,7,471.001625,4.554486973358661,0.01611990192178218
4,0.094,0.16999999999999998,498.42825,4.959474742118051,8000,4,5,475.03825,4.51974989526596,0.049238140297123416
4,0.093,0.16999999999999998,491.579875,4.861121277802862,8000,7,8,479.437,4.674385122094532,0.025327363136345347
4,0.092,0.16999999999999998,492.328375,4.8533903831892475,8000,6,9,475.671125,4.534455996966765,0.03501841739920618
4,0.091,0.16999999999999998,513.396,5.098686436688616,8000,4,6,487.237625,4.774482653177788,0.05368709980063625
4,0.09,0.16999999999999998,504.310625,4.819812022722512,8000,6,7,496.67425,4.917756868857471,0.015375016925077239
4,0.089,0.16999999999999998,513.353375,5.017832763588688,8000,6,8,497.041375,4.8218179545102045,0.03281819345522294
4,0.088,0.16999999999999998,514.87975,5.020065398559855,8000,6,8,509.184125,4.923299393571133,0.011185786673926548
4,0.087,0.16999999999999998,519.162875,5.0475339857210395,8000,8,9,509.859,4.798258214588054,0.01824793717478755
4,0.08600000000000001,0.16999999999999998,528.377125,5.172269433875605,8000,7,8,523.558625,5.052250489238872,0.009203362851676776
4,0.085,0.16999999999999998,559.76575,5.598043726053954,8000,4,5,524.33825,5.014112030763704,0.06756611786380262
4,0.084,0.16999999999999998,531.283375,5.146140168639072,8000,9,9,528.06425,5.104134198224158,0.00609608584561436
4,0.083,0.16999999999999998,543.141125,5.227827705429522,8000,6,8,537.10625,5.212947918847623,0.011235905372540241
4,0.082,0.16999999999999998,583.185625,5.82740191928925,8000,4,5,546.340375,5.254649296802449,0.06744010087118303
4,0.081,0.16999999999999998,572.91475,5.614902279426208,8000,5,6,546.582375,5.233236698386342,0.048176407078622085
4,0.08,0.16999999999999998,565.014125,5.503677033769973,8000,8,10,563.88425,5.472768581210531,0.0020037356957568575
4,0.079,0.16999999999999998,574.812125,5.624322157243849,8000,5,8,560.38525,5.448264088955542,0.025744565903545808
4,0.078,0.16999999999999998,600.557125,5.9282995319281335,8000,4,16,577.177125,5.493306354856366,0.04050749585753246
4,0.077,0.16999999999999998,592.0525,5.71742019935003,8000,7,12,583.456625,5.607610681209973,0.014732671858854936
4,0.07600000000000001,0.16999999999999998,600.08125,5.943074922630261,8000,6,9,591.50075,5.627980267837351,0.014506321420555959
4,0.07500000000000001,0.16999999999999998,630.311,6.275009006637294,8000,4,6,599.6565,5.800303863620641,0.05112009959034878
4,0.07400000000000001,0.16999999999999998,614.931125,6.0446354935542255,8000,7,8,600.33825,5.781422867008007,0.024307754836544123
4,0.07300000000000001,0.16999999999999998,634.597625,6.347989329188051,8000,5,6,597.132375,5.723956340766961,0.06274195064369097
4,0.07200000000000001,0.16999999999999998,624.922375,6.204436826131853,8000,9,12,623.91725,6.10855701681323,0.0016109908806015878
4,0.07100000000000001,0.16999999999999998,639.08775,6.083798568277027,8000,11,12,633.918875,6.1498601287279016,0.008153843029204756
4,0.07,0.16999999999999998,653.049125,6.304704017680816,8000,6,7,636.954,6.071117222125644,0.025268896969011977
4,0.069,0.16999999999999998,679.698,6.830837353821953,8000,5,6,646.187875,6.262090077403489,0.051858176695129134
4,0.068,0.16999999999999998,666.911125,6.555859478547958,8000,9,10,655.7645,6.370912496610959,0.016997908547961914
4,0.067,0.16999999999999998,680.086,6.706064143746129,8000,7,9,670.24775,6.392277585421594,0.014678527454959777
4,0.066,0.16999999999999998,682.176375,6.703513035191627,8000,7,8,672.5405,6.410345043690405,0.01432757581141962
4,0.065,0.16999999999999998,710.004,7.034291211067769,8000,5,8,690.0455,6.709985500498184,0.02892345504752958
4,0.064,0.16999999999999998,717.600125,7.189988866167319,8000,6,7,709.172,6.88596888592573,0.011884458213240261
4,0.063,0.16999999999999998,728.22575,7.266104839565668,8000,6,7,690.4805,6.5869405351172245,0.054665193296552096
4,0.062,0.16999999999999998,744.1455,7.182579511639525,8000,5,7,727.767375,7.079357101880662,0.022504615571699617
4,0.061,0.16999999999999998,746.155625,7.315408454562846,8000,6,9,724.611625,6.987482890918323,0.02973178908080585
4,0.060000000000000005,0.16999999999999998,743.971125,7.377764773750001,8000,8,8,749.4085,7.175897603995031,-0.007255555548142267
4,0.059000000000000004,0.16999999999999998,781.292625,7.627713642214626,8000,5,10,765.0075,7.35733015010105,0.021287536396701983
4,0.058,0.16999999999999998,785.6205,7.639910280141046,8000,7,9,760.262625,7.221692571228565,0.03335409918381827
4,0.057,0.16999999999999998,796.4405,7.840862560852666,8000,8,9,776.7495,7.4176377165260945,0.02535051519183473
4,0.056,0.16999999999999998,824.085625,8.168628824963827,8000,5,7,806.26025,7.736064393978418,0.02210871117607498
4,0.055,0.16999999999999998,825.324625,8.263041756843274,8000,6,6,832.155875,8.095279155722437,-0.00820909904649783
4,0.054000000000000006,0.16999999999999998,851.108875,8.202808397409077,8000,6,10,829.18325,7.907634320310193,0.026442435975401055
4,0.053000000000000005,0.16999999999999998,870.244,8.562190863590233,8000,6,9,845.34525,8.090322885451084,0.029453942043206685
4,0.052000000000000005,0.16999999999999998,889.011125,8.865409284354936,8000,5,6,856.58925,8.116526491414934,0.03784996718088629
4,0.051000000000000004,0.16999999999999998,901.4285,8.758404888619438,8000,6,7,877.42875,8.430071689583437,0.027352363368535564
4,0.05,0.16999999999999998,957.8485,9.47636260153326,8000,4,5,879.5815,8.643312221046257,0.08898208977792273
4,0.1,0.18,410.996375,4.006952661179819,8000,5,9,400.242625,3.8612474504682925,0.026868077831540372
4,0.099,0.18,408.25,4.0822549843156075,8000,6,8,407.00125,3.92033699588758,0.0030681723950478595
4,0.098,0.18,416.532125,4.062631546994371,8000,9,10,407.6075,3.858528883993526,0.021895144225756374
4,0.097,0.18,415.437,3.9452883937918624,8000,14,14,416.11075,4.018913750974498,-0.0016191602836504082
4,0.096,0.18,435.9975,4.263237149378712,8000,5,8,422.161375,4.081532386704366,0.032774492929392184
4,0.095,0.18,426.57675,4.119969758843069,8000,7,7,424.504625,4.094017093646722,0.0048812777952655486
4,0.094,0.18,439.0415,4.227772656632955,8000,6,11,424.771125,4.052936004174756,0.03359544507645147
4,0.093,0.18,441.475875,4.373907516954251,8000,6,8,441.262125,4.260730677380781,0.00048440595258418724
4,0.092,0.18,447.743375,4.248325321327293,8000,5,7,437.430125,4.23978398087227,0.023576908426231596
4,0.091,0.18,450.58375,4.365408418415696,8000,7,8,443.180375,4.321362773565767,0.016705105680728714
4,0.09,0.18,457.14725,4.501563747654971,8000,6,7,442.461125,4.152545298085064,0.033191899062318765
4,0.089,0.18,459.86325,4.440463049637007,8000,8,8,455.978,4.400790273079195,0.008520696173938183
4,0.088,0.18,470.688375,4.593136811736489,8000,6,7,461.35725,4.362373779369273,0.0202253784892293
4,0.087,0.18,472.990375,4.719372227274764,8000,6,7,461.166375,4.399822629713786,0.02563933677948648
4,0.08600000000000001,0.18,482.455,4.770754347087579,8000,5,6,459.29275,4.360058796337284,0.05043025390668582
4,0.085,0.18,485.36975,4.772728045467465,8000,6,10,479.251125,4.617496204416851,0.012767054015783498
4,0.084,0.18,486.59975,4.712838312059055,8000,7,10,480.572375,4.573508175335554,0.01254207547822521
4,0.083,0.18,482.187625,4.646180126749683,8000,8,8,484.676,4.629368535867512,-0.005134099893537048
4,0.082,0.18,504.481625,4.892915491227645,8000,5,7,482.513,4.708692548315756,0.04552960231123313
4,0.081,0.18,499.728625,4.825627270225609,8000,6,9,490.06275,4.70946910040884,0.019723749662670806
4,0.08,0.18,516.429625,5.013097248600202,8000,5,9,510.643125,4.913799544283371,0.01133178871251814
4,0.079,0.18,519.12375,5.148943250834799,8000,6,7,515.51525,4.85411476156513,0.006999792925621376
4,0.078,0.18,519.715375,5.141192365012997,8000,6,6,518.159875,4.956209855841451,0.003001969228126624
4,0.077,0.18,529.741625,5.149992418553528,8000,5,10,524.78925,4.97134798288156,0.009436883472746365
4,0.07600000000000001,0.18,530.24925,5.1421116368487585,8000,6,10,528.456625,5.143213896944681,0.0033921894725038784
4,0.07500000000000001,0.18,546.372875,5.3443649508847475,8000,6,7,532.78825,5.149924172753938,0.02549723084170883
4,0.07400000000000001,0.18,559.296875,5.384793249728544,8000,6,7,546.266625,5.200371280586191,0.023853278607310166
4,0.07300000000000001,0.18,551.272125,5.284684971313692,8000,9,9,551.617125,5.193362961518582,-0.0006254338097281285
4,0.07200000000000001,0.18,571.7055,5.562688971827691,8000,5,8,546.201,5.2800818928757565,0.046694348783689534
4,0.07100000000000001,0.18,574.11875,5.654802151001886,8000,7,9,555.71275,5.319250374958733,0.03312142829186472
4,0.07,0.18,576.460125,5.563459223344256,8000,7,9,571.638,5.419348124891254,0.008435627092670386
4,0.069,0.18,603.8295,5.886847404406208,8000,5,6,588.08875,5.604913175901422,0.026765943065566292
4,0.068,0.18,613.083625,6.025817673877319,8000,6,7,590.158375,5.7735361565953545,0.038845928434041124
4,0.067,0.18,614.9085,6.022948990032692,8000,6,11,599.001125,5.689185090488885,0.026556502711075878
4,0.066,0.18,625.872125,6.098451959199186,8000,7,9,607.390875,5.924015377574658,0.03042727633996795
4,0.065,0.18,648.877,6.368203147595178,8000,4,8,619.152375,5.95094554104316,0.048008577856137505
4,0.064,0.18,645.605,6.254831858717115,8000,6,10,632.754375,6.028168913669091,0.02030902591546686
4,0.063,0.18,649.706625,6.3375053084755315,8000,7,8,641.813625,6.295259999474013,0.012297962667900715
4,0.062,0.18,678.234875,6.666865319922928,8000,5,6,644.166625,6.180966868768816,0.052887325542517884
4,0.061,0.18,656.342125,6.2819052932768535,8000,9,10,669.703,6.4355538965670585,-0.019950448183747072
4,0.060000000000000005,0.18,671.773125,6.530860720882145,8000,10,12,668.3385,6.378686121122259,0.005139050047244169
4,0.059000000000000004,0.18,692.961375,6.64349654200833,8000,7,8,674.331625,6.544991286862081,0.027626985461344695
4,0.058,0.18,720.17675,6.9807790376988965,8000,5,10,693.64175,6.54254509015026,0.038254617747562
4,0.057,0.18,726.651375,7.087846496411711,8000,6,7,698.86475,6.7343800251188695,0.03975966022037894
4,0.056,0.18,737.7555,7.1430648914331,8000,6,10,719.697,6.995996653534937,0.02509180946981852
4,0.055,0.18,737.667375,7.174575329477415,8000,7,8,721.341625,6.830516453043418,0.022632480137271947
4,0.054000000000000006,0.18,770.02425,7.547198941277791,8000,6,7,742.210375,7.196842388399606,0.03747438184221024
4,0.053000000000000005,0.18,797.975,7.832286610072297,8000,5,6,754.205,7.2773687494254675,0.0580346192348234
4,0.052000000000000005,0.18,787.09325,7.74728729955637,8000,7,9,771.5335,7.4022682056105085,0.020167303169596664
4,0.051000000000000004,0.18,817.942125,8.012236042468768,8000,6,7,782.706375,7.388837032747913,0.045017839544235286
4,0.05,0.18,808.693125,8.007992210067163,8000,6,10,801.793125,7.828070857266501,0.00860571110534276
4,0.1,0.19,375.791125,3.6583242164669323,8000,5,6,371.735375,3.560462105524616,0.010910314898064372
4,0.099,0.19,370.492375,3.588835795460454,8000,12,12,367.56775,3.5358423738415956,0.007956696418551387
4,0.098,0.19,374.367875,3.609881287623859,8000,7,7,373.76275,3.5439784361221993,0.0016190083147666365
4,0.097,0.19,389.865125,3.8732483296704214,8000,4,8,371.291125,3.458998532669597,0.050025434892902315
4,0.096,0.19,387.812875,3.7953919076125517,8000,5,6,373.70875,3.5544785437029147,0.037740954687306656
4,0.095,0.19,389.426,3.7380165494504562,8000,6,8,383.99775,3.7473568089386515,0.014136150537340365
4,0.094,0.19,400.083875,3.8685941707040357,8000,6,7,389.91275,3.7290942605316615,0.026085643518966643
4,0.093,0.19,397.391375,3.892515741448691,8000,6,7,386.911375,3.663020990988685,0.02708630626328823
4,0.092,0.19,400.946625,3.8800005868340923,8000,7,10,399.310375,3.73106101881029,0.004097689673101935
4,0.091,0.19,411.87575,4.049466542663639,8000,5,7,398.06125,3.8810457637835527,0.03470445817069612
4,0.09,0.19,409.205,3.9736853588691963,8000,9,9,405.798625,3.833413934332903,0.008394249734089091
4,0.089,0.19,432.327,4.272869136067326,8000,4,6,406.4345,3.8544336787123084,0.06370645208514529
4,0.088,0.19,419.699,4.073525427354162,8000,6,6,417.12425,3.991252245637104,0.006172621227368091
4,0.087,0.19,425.101875,4.1208224516497065,8000,6,7,413.6345,3.91797469101431,0.027723449083671706
4,0.08600000000000001,0.19,430.567375,4.153234497313496,8000,7,9,429.059375,4.082515221651726,0.003514665074035588
4,0.085,0.19,447.902875,4.449261699588565,8000,4,5,430.91275,4.170532493410105,0.03942822531939465
4,0.084,0.19,449.638875,4.4176226935988625,8000,4,6,433.394875,4.08873633387417,0.03748083084738824
4,0.083,0.19,435.167125,4.151356607422391,8000,11,11,438.653625,4.1564248461998785,-0.007948184629729158
4,0.082,0.19,440.6915,4.240683667253957,8000,11,11,441.723875,4.144002219086884,-0.0023371501031045736
4,0.081,0.19,465.022875,4.537516090247004,8000,5,10,441.46575,4.213196190231872,0.05336116108667543
4,0.08,0.19,462.534375,4.46509960601176,8000,8,8,459.623125,4.430447162142481,0.006333993747594827
4,0.079,0.19,471.063625,4.612376175043069,8000,5,8,457.964125,4.364965335062249,0.02860376890875454
4,0.078,0.19,469.665,4.508632869220855,8000,5,5,467.137,4.450652364927436,0.00541168864808401
4,0.077,0.19,475.75425,4.590163030922594,8000,7,7,472.314,4.452517108510106,0.0072838196623432536
4,0.07600000000000001,0.19,476.54675,4.580662578766553,8000,9,10,484.251875,4.586441763257658,-0.01591139941378649
4,0.07500000000000001,0.19,497.964625,4.894140281151289,8000,5,7,484.915875,4.5652649285371725,0.026909306691598793
4,0.07400000000000001,0.19,497.141125,4.835890876422138,8000,6,7,485.32525,4.587533350351228,0.024346301784215856
4,0.07300000000000001,0.19,523.20975,5.127909563865093,8000,5,7,498.948875,4.775139218726934,0.04862396974038673
4,0.07200000000000001,0.19,522.75375,5.1407264616673,8000,5,7,504.536375,4.7994436244731,0.036107158775222
4,0.07100000000000001,0.19,520.12425,5.016791395626352,8000,7,11,516.9995,4.994574275175266,0.006044009713742371
4,0.07,0.19,525.231875,5.143410463036365,8000,7,10,509.680375,4.813157675212628,0.030512259766721287
4,0.069,0.19,549.33775,5.319305522530403,8000,5,7,526.754625,5.0070622853979865,0.04287219120287742
4,0.068,0.19,562.566125,5.674275581856939,8000,4,5,537.207625,5.162914165584449,0.04720428158479703
4,0.067,0.19,543.958875,5.181198395407028,8000,8,12,532.35475,5.066797498042077,0.02179772980329389
4,0.066,0.19,558.864125,5.267287572619291,8000,9,10,547.82775,5.1604336833949604,0.02014570273229114
4,0.065,0.19,577.3405,5.53184111616427,8000,6,10,562.369875,5.490798754375876,0.026620602677197177
4,0.064,0.19,585.88625,5.710827592857414,8000,6,7,574.44975,5.3957019333017575,0.019908616898170858
4,0.063,0.19,587.954,5.632871568703985,8000,6,7,578.824875,5.5299946207788055,0.015771825632061736
4,0.062,0.19,606.058875,5.844124273546669,8000,6,7,581.408625,5.487216626475067,0.042397461853958415
4,0.061,0.19,628.181,6.214669393405708,8000,4,5,601.82075,5.738020668103082,0.04380083272303267
4,0.060000000000000005,0.19,608.241,5.855029982791499,8000,6,8,601.45275,5.770400059617677,0.011286422748919092
4,0.059000000000000004,0.19,629.558125,6.0945623439223295,8000,6,7,619.464625,5.903564424582031,0.016293908631183036
4,0.058,0.19,630.171125,5.978556187798659,8000,8,8,629.668875,5.999913048201411,0.0007976414587746673
4,0.057,0.19,636.543375,6.213100325464168,8000,9,11,631.82675,6.032960696241936,0.0074650606356885365
4,0.056,0.19,673.802625,6.537277225282992,8000,5,9,653.07275,6.1934028731847715,0.031742060895972146
4,0.055,0.19,669.2635,6.41750999222294,8000,8,8,671.619125,6.393861008497041,-0.0035073822532972563
4,0.054000000000000006,0.19,702.793375,6.8175641417218795,8000,5,6,679.0005,6.4769363461263625,0.0350410272157384
4,0.053000000000000005,0.19,714.118625,7.056534429442537,8000,5,7,672.89525,6.5282223050565396,0.06126269281883015
4,0.052000000000000005,0.19,697.689125,6.787794753170443,8000,8,8,698.388875,6.685776535013627,-0.0010019489500029545
4,0.051000000000000004,0.19,721.65975,7.010537603025008,8000,6,7,712.13825,6.771241562199203,0.01337029712980599
4,0.05,0.19,778.9625,7.533101637224426,8000,4,6,739.1475,6.903205591346552,0.05386610926777124
4,0.1,0.2,335.518625,3.262585935076905,8000,6,7,333.28125,3.1827479534785046,0.0067131739334270555
4,0.099,0.2,335.868625,3.2739145841086286,8000,7,9,331.351125,3.178950058779443,0.013633573750504042
4,0.098,0.2,356.231875,3.454410994733851,8000,4,5,342.531625,3.2462920706181677,0.03999703676996243
4,0.097,0.2,349.939125,3.3999516143655337,8000,6,7,340.068,3.257463736290729,0.029026915205194275
4,0.096,0.2,353.101625,3.435203099303097,8000,5,5,351.99925,3.298317092569342,0.0031317538318618434
4,0.095,0.2,359.031,3.454715511049034,8000,5,8,346.81475,3.290238167664262,0.0352241362283467
4,0.094,0.2,365.391875,3.579901818765711,8000,4,6,355.279125,3.4551755509366338,0.028464239209100746
4,0.093,0.2,364.3545,3.4955971642783177,8000,5,6,351.80325,3.304726095003951,0.035676901790986815
4,0.092,0.2,367.65275,3.4854308583320393,8000,6,8,359.85775,3.3862142432929243,0.021661337014417546
4,0.091,0.2,366.146625,3.5169662028760946,8000,7,7,363.971375,3.4135950703934186,0.005976431525693328
4,0.09,0.2,374.90475,3.597447464100318,8000,6,8,365.5115,3.5472437108918533,0.02569891781790714
4,0.089,0.2,383.1635,3.6349497095410563,8000,6,13,371.220625,3.5136704025012575,0.03217190585787095
4,0.088,0.2,382.71375,3.7423778821617946,8000,6,6,379.178375,3.6322404411392846,0.009323778023997248
4,0.087,0.2,383.4415,3.6889232165743127,8000,6,8,383.84475,3.643941619454878,-0.0010505549444142647
4,0.08600000000000001,0.2,411.7145,3.9742571469335615,8000,4,5,384.6815,3.6106500860612685,0.0702737199475409
4,0.085,0.2,391.51525,3.7722202955188644,8000,7,10,387.294375,3.6488412331982953,0.010898363809182559
4,0.084,0.2,399.26675,3.7991326025319436,8000,7,8,391.023375,3.6526140924740105,0.02108154020204039
4,0.083,0.2,421.640625,4.199751653945805,8000,4,5,396.53925,3.7292501930086353,0.06330111079798537
4,0.082,0.2,405.333875,3.864859769343531,8000,7,7,405.61275,3.819117911066902,-0.000687540024321296
4,0.081,0.2,414.90025,4.013229899566001,8000,6,8,415.84725,3.901779919215964,-0.0022772784958898875
4,0.08,0.2,415.377875,4.035523204663488,8000,6,8,419.087375,3.923348819193981,-0.008851376159923671
4,0.079,0.2,437.710625,4.283119442200765,8000,4,6,419.4045,3.940340513729653,0.04364789838926385
4,0.078,0.2,428.62225,4.109737921247516,8000,6,9,424.965,4.0048884333143935,0.008606002847293385
4,0.077,0.2,436.34575,4.152058074665998,8000,6,7,426.86875,4.0658041837854535,0.02220120353153055
4,0.07600000000000001,0.2,453.008875,4.384433558822994,8000,5,6,433.74325,4.141022162371066,0.044417117730362374
4,0.07500000000000001,0.2,448.290125,4.182769791292777,8000,6,7,437.5825,4.0816026903391736,0.024469957093805186
4,0.07400000000000001,0.2,458.18475,4.3866871168812995,8000,5,7,450.852125,4.2095583889497,0.016263924673749753
4,0.07300000000000001,0.2,457.6675,4.350135861754287,8000,7,8,455.2805,4.3496871956275465,0.005242921671365236
4,0.07200000000000001,0.2,472.805625,4.58999211424933,8000,6,9,456.680625,4.319754773217893,0.03530913972976191
4,0.07100000000000001,0.2,469.29475,4.5900576725934945,8000,6,6,468.6975,4.309696737151528,0.0012742760522512515
4,0.07,0.2,487.902875,4.820125122182098,8000,4,6,468.341875,4.466865377179816,0.04176649803095223
4,0.069,0.2,482.893125,4.59260353666604,8000,7,10,476.25275,4.554073035463005,0.013942964108868675
4,0.068,0.2,498.923,4.873098349080898,8000,6,7,488.750375,4.642418818149145,0.02081353901774496
4,0.067,0.2,509.107875,4.910551038318973,8000,5,7,493.033375,4.638236201620334,0.03260326950482815
4,0.066,0.2,501.968,4.90533873797384,8000,8,13,495.472,4.673781916224274,0.013110730777924965
4,0.065,0.2,537.075375,5.243448745200444,8000,4,8,513.723875,4.976846929599918,0.045455352839110286
4,0.064,0.2,520.012,4.985327422741559,8000,9,14,517.739,4.925669759047687,0.004390242960255864
4,0.063,0.2,535.302625,5.094011753996785,8000,6,7,526.500875,5.11983771089744,0.016717446101110627
4,0.062,0.2,542.706,5.314691545144225,8000,6,6,538.352875,5.022961122344455,0.008086006785047775
4,0.061,0.2,558.29625,5.376912728583526,8000,6,8,554.693,5.222880565746311,0.006495935589596413
4,0.060000000000000005,0.2,570.681,5.576442268007538,8000,5,6,542.02575,5.058967999307709,0.05286695327666632
4,0.059000000000000004,0.2,561.726875,5.326542532838357,8000,8,8,557.972625,5.2830941449986755,0.0067283766833542355
4,0.058,0.2,576.6645,5.55052430530006,8000,7,8,578.242,5.3895642343402415,-0.002728096540894619
4,0.057,0.2,613.43875,6.015470951421893,8000,4,5,574.72,5.4344660532485145,0.06736976266703786
4,0.056,0.2,603.962,5.775966741029088,8000,8,10,583.321625,5.50706287330018,0.035384210211647726
4,0.055,0.2,620.635375,5.977938635871312,8000,5,6,606.755,5.708933798224854,0.022876408105413155
4,0.054000000000000006,0.2,640.294875,6.068683141637978,8000,4,7,618.918125,5.91299143982185,0.034538898016599553
4,0.053000000000000005,0.2,629.444375,5.991148442343062,8000,7,9,625.528125,5.928035109326295,0.006260709700303229
4,0.052000000000000005,0.2,656.67175,6.338830314238683,8000,5,6,639.868375,6.075932436207104,0.02626067431446344
4,0.051000000000000004,0.2,653.42425,6.256204336543026,8000,9,13,635.67025,6.079717566226067,0.02792957512169245
4,0.05,0.2,672.641625,6.453601825423541,8000,8,9,662.677,6.336888602936045,0.015036925983548478
4,0.1,0.21,309.329375,2.9529253642641455,8000,4,6,303.389125,2.9038824386489863,0.01957964050293513
4,0.099,0.21,312.591375,3.057560553921015,8000,5,6,305.879375,2.897736933883651,0.021943290553670204
4,0.098,0.21,311.578375,3.0313716227409855,8000,8,11,315.044875,2.9493279085315867,-0.011003194386196558
4,0.097,0.21,314.7535,2.9521247015497902,8000,7,7,313.748,2.883588797626011,0.003204801305506278
4,0.096,0.21,315.1835,3.0028470379808625,8000,9,9,312.3295,2.9378590992386995,0.009137785575810114
4,0.095,0.21,318.376875,3.0280453554832456,8000,7,7,320.82075,3.0669266611418657,-0.00761757149436248
4,0.094,0.21,323.5135,3.098418664536209,8000,8,8,322.621375,3.0884917293735747,0.0027652383540923827
4,0.093,0.21,334.0895,3.2283692208214028,8000,5,7,324.254,2.9883889671656507,0.03033270214091412
4,0.092,0.21,331.569375,3.134516417652847,8000,6,6,329.78375,3.086301720794835,0.005414533008372856
4,0.091,0.21,346.57525,3.2653779457852643,8000,5,6,335.6425,3.1507949334743848,0.03257260329070365
4,0.09,0.21,340.352375,3.199076884426425,8000,6,8,337.138375,3.188800689075636,0.009533177586206254
4,0.089,0.21,346.865375,3.3632981260102746,8000,5,10,346.07375,3.232564085434037,0.0022874459562447413
4,0.088,0.21,342.8645,3.2014121723789226,8000,7,8,346.510375,3.271482715098663,-0.01052169072859648
4,0.087,0.21,350.6705,3.3475223456237835,8000,5,8,346.681375,3.250899288068044,0.011506603145323285
4,0.08600000000000001,0.21,354.605375,3.325208032111792,8000,6,10,355.961,3.3500326481197065,-0.003808352600425417
4,0.085,0.21,365.074875,3.5105435954612143,8000,6,8,354.302375,3.360165019260885,0.030404820176551276
4,0.084,0.21,367.672875,3.519964573060892,8000,6,8,357.899875,3.3707233204775124,0.027306519735442677
4,0.083,0.21,380.13775,3.6945630546977855,8000,4,7,366.47475,3.48997324982087,0.0372822411366677
4,0.082,0.21,378.363125,3.613824527819389,8000,5,7,368.636125,3.475096352344825,0.02638645357939359
4,0.081,0.21,394.714,3.847636949546038,8000,4,5,373.813875,3.4513687262912303,0.055910511614904616
4,0.08,0.21,386.320875,3.651521412761779,8000,7,9,372.444125,3.5590067286547624,0.037258608925567066
4,0.079,0.21,385.68875,3.643265461036587,8000,7,7,388.43975,3.5465033934189503,-0.00708217941135009
4,0.078,0.21,395.142125,3.739583757120585,8000,6,8,383.99275,3.547930792383517,0.029035378923169826
4,0.077,0.21,410.395125,4.007245874985976,8000,5,6,394.671125,3.7455487139971106,0.03984076615688566
4,0.07600000000000001,0.21,411.57425,3.9486321355103318,8000,5,8,401.639375,3.798415546074278,0.02473580933144325
4,0.07500000000000001,0.21,415.206375,3.8754100522949955,8000,6,10,407.34175,3.8359489652399152,0.019307191074816144
4,0.07400000000000001,0.21,413.959625,3.9950772463912387,8000,6,6,412.562875,3.8357919504422657,0.0033855445669947817
4,0.07300000000000001,0.21,426.32825,4.144881177306406,8000,5,7,416.870375,3.899423981175687,0.022687807930702682
4,0.07200000000000001,0.21,424.44275,4.094737241196191,8000,6,6,424.026875,4.024793575701452,0.0009807750982764273
4,0.07100000000000001,0.21,435.265,4.181476111486692,8000,6,8,418.416125,3.952749995217081,0.040268225800332055
4,0.07,0.21,435.687375,4.136464911802346,8000,6,7,441.511,4.224085341467014,-0.013190214966331642
4,0.069,0.21,441.25425,4.1905271427749975,8000,9,9,443.136875,4.164653346584377,-0.00424840519083401
4,0.068,0.21,458.85975,4.476370324007152,8000,5,7,456.210625,4.319955450829419,0.005806802504873766
4,0.067,0.21,455.126875,4.28874502494062,8000,8,8,454.94725,4.3259408908934045,0.000394825993562962
4,0.066,0.21,462.74525,4.425081287344295,8000,7,7,461.577625,4.382202541580472,0.0025296395162135226
4,0.065,0.21,468.14275,4.526470362716159,8000,8,10,463.70025,4.366177027042206,0.009580542602683513
4,0.064,0.21,484.290125,4.666869974590091,8000,6,7,463.995875,4.340790878017378,0.04373799659318087
4,0.063,0.21,479.23225,4.535979571997308,8000,9,11,476.863875,4.476322853515948,0.004966564095466478
4,0.062,0.21,500.319625,4.754644309874462,8000,5,6,485.929375,4.613888240977039,0.02961387135733455
4,0.061,0.21,502.541625,4.859346422938705,8000,7,9,510.083375,4.783991462392069,-0.01478532798682172
4,0.060000000000000005,0.21,508.95375,4.806733750691413,8000,9,9,507.197875,4.809813136610578,0.003461913163575465
4,0.059000000000000004,0.21,517.897625,4.994876104965759,8000,7,7,519.604875,4.8714468589390085,-0.00328566971200962
4,0.058,0.21,533.416375,5.15251147052718,8000,5,6,521.87925,5.012122483180453,0.022106885836139414
4,0.057,0.21,546.932125,5.319931621863735,8000,5,6,534.40425,5.0343558962546,0.023442693429178367
4,0.056,0.21,544.246375,5.2501907456685,8000,7,7,547.476125,5.234191899123747,-0.00589934401249019
4,0.055,0.21,558.15,5.393937057092155,8000,5,7,555.1305,5.178871488795211,0.005439261579034108
4,0.054000000000000006,0.21,565.66875,5.311993964761716,8000,14,15,564.328125,5.248700470897744,0.002375612592408088
4,0.053000000000000005,0.21,582.05225,5.55279328393818,8000,6,8,572.174125,5.3535606161548595,0.01726419383260289
4,0.052000000000000005,0.21,604.627375,5.886522094135617,8000,5,6,588.86075,5.501249228612907,0.02677479353140785
4,0.051000000000000004,0.21,600.421125,5.737375592413996,8000,8,8,600.153,5.626032378387573,0.00044676107592554043
4,0.05,0.21,607.763375,5.760839252579691,8000,7,7,606.993625,5.652853555812352,0.0012681352295916529
4,0.1,0.22,285.6615,2.757031440020935,8000,5,6,279.007125,2.6051886767630648,0.02385019737399185
4,0.099,0.22,284.579125,2.7262044397816596,8000,6,6,283.097125,2.651497934730297,0.005234952492011252
4,0.098,0.22,285.296,2.7020233463592676,8000,7,7,287.495625,2.7056616701357132,-0.007650985993265204
4,0.097,0.22,292.93075,2.8093477866184458,8000,6,8,281.886,2.63104093897317,0.039181619519947655
4,0.096,0.22,293.322375,2.7772767172925845,8000,5,6,287.137375,2.700468889501704,0.021540212241614322
4,0.095,0.22,296.047125,2.797478603375965,8000,7,7,296.200875,2.817665090788786,-0.0005190734159715169
4,0.094,0.22,295.07525,2.8393547467429845,8000,6,6,296.5755,2.745426524616714,-0.005058576989670402
4,0.093,0.22,298.562875,2.8252178102406917,8000,8,8,297.871625,2.8138910865984714,0.0023206305736574438
4,0.092,0.22,305.24275,2.9152540257770054,8000,8,9,302.543625,2.8529517538982643,0.008921440668267198
4,0.091,0.22,312.80725,3.0745286696495855,8000,5,6,305.052625,2.8631595372975944,0.02542061390227353
4,0.09,0.22,312.673125,2.930511296561439,8000,10,14,312.455,2.8749729225747833,0.0006981005264759508
4,0.089,0.22,313.939375,2.9226430523590476,8000,8,8,311.265875,2.9317933525776207,0.008589120153309418
4,0.088,0.22,321.768875,2.9919636905166422,8000,6,9,314.483,2.9386370894715723,0.023167786494023446
4,0.087,0.22,324.73125,3.1048827588651355,8000,6,6,322.13825,3.140528489683942,0.008049339064826858
4,0.08600000000000001,0.22,331.458875,3.202604267093149,8000,5,6,326.078875,3.076003981512147,0.016499075568756166
4,0.085,0.22,332.863125,3.2500996530489092,8000,5,5,331.865375,3.090652669442017,0.0030064902070607797
4,0.084,0.22,342.315625,3.3047274704110072,8000,4,5,330.72725,3.0919266115079536,0.035039069202794704
4,0.083,0.22,342.985875,3.2883154966542123,8000,5,8,334.637375,3.1833170865031377,0.024947900693997497
4,0.082,0.22,343.96925,3.224006300805434,8000,8,10,332.156,3.116203798095354,0.03556536687580529
4,0.081,0.22,350.505625,3.3825492532964385,8000,5,8,339.75575,3.153944686995678,0.03164000903590309
4,0.08,0.22,352.099375,3.3714731958210704,8000,7,8,344.122,3.245585240745399,0.023181822144472
4,0.079,0.22,364.436125,3.476840148349532,8000,4,6,353.3675,3.2851317093858277,0.03132326826887022
4,0.078,0.22,359.03625,3.3958161896945276,8000,8,8,360.977,3.378624652235372,-0.005376381320693507
4,0.077,0.22,370.23575,3.4982803612529296,8000,7,8,360.160875,3.352035172548768,0.027973263336835297
4,0.07600000000000001,0.22,381.86125,3.6380441493965967,8000,4,10,368.089625,3.4168271658484692,0.03741378203745887
4,0.07500000000000001,0.22,376.148375,3.566357420658915,8000,8,8,378.62325,3.5391466285726287,-0.006536510898366641
4,0.07400000000000001,0.22,387.46025,3.7140151214396626,8000,5,6,377.212,3.566544117611313,0.02716840927648109
4,0.07300000000000001,0.22,387.8365,3.666305131891475,8000,8,9,379.28825,3.5834266528093184,0.022537608270227185
4,0.07200000000000001,0.22,394.86125,3.9191739830152135,8000,5,5,392.477,3.6721677868333895,0.006074878273121759
4,0.07100000000000001,0.22,395.36775,3.8291770306534145,8000,6,8,390.088625,3.657734853103505,0.013533142628806524
4,0.07,0.22,406.480625,3.844597700119044,8000,7,7,403.17875,3.7779754440522333,0.008189605726988328
4,0.069,0.22,408.84925,3.8959651896095684,8000,6,7,404.81075,3.847165549420803,0.009976266687581788
4,0.068,0.22,430.304125,4.141237669502012,8000,4,5,419.51375,4.016277062504221,0.02572114739981701
4,0.067,0.22,428.296,4.041337120770236,8000,5,6,416.91375,3.870364477864601,0.027301210382243327
4,0.066,0.22,422.90325,4.0120062754467325,8000,7,8,421.73275,4.052974882460342,0.0027754543606110836
4,0.065,0.22,433.60325,4.173052632781449,8000,9,9,431.26875,4.015736275287356,0.005413097981247172
4,0.064,0.22,431.828625,4.0358052322225895,8000,11,11,435.038,4.015308051768111,-0.007377229115617538
4,0.063,0.22,449.60725,4.295514356439515,8000,5,8,444.64075,4.233533597158463,0.011169691486891375
4,0.062,0.22,457.177375,4.3523873038016685,8000,6,7,452.18275,4.283660096755199,0.011045589421533627
4,0.061,0.22,461.06625,4.389755738739675,8000,5,5,457.223375,4.264324231190654,0.008404808699905269
4,0.060000000000000005,0.22,473.148125,4.527978519348563,8000,6,7,463.42525,4.378765065574097,0.020980460171300522
4,0.059000000000000004,0.22,484.86675,4.607631261834579,8000,5,7,472.627625,4.440071437294501,0.025895915415439376
4,0.058,0.22,480.72025,4.4924910192661445,8000,6,6,478.2415,4.4386243056474814,0.005183050822649327
4,0.057,0.22,493.7275,4.663761095018985,8000,7,12,480.81725,4.526357161968043,0.026850638158260793
4,0.056,0.22,510.97175,4.88341696411415,8000,5,6,499.6515,4.7347350112410815,0.02265629143513026
4,0.055,0.22,521.172125,5.011261124782427,8000,5,9,497.823,4.588982058656019,0.04690246332531858
4,0.054000000000000006,0.22,516.285125,4.807550391305058,8000,10,10,515.304125,4.766675981919961,0.0019037301515876562
4,0.053000000000000005,0.22,532.665,5.09301537132685,8000,5,7,524.85025,4.869399707978047,0.014889485143619546
4,0.052000000000000005,0.22,535.976125,5.148405850209641,8000,6,6,538.594875,5.081200612901479,-0.004862188857626945
4,0.051000000000000004,0.22,559.1995,5.363159084498562,8000,5,6,550.347375,5.113619395288053,0.01608461383140037
4,0.05,0.22,572.380375,5.4357321479475464,8000,5,10,556.187375,5.195065594173681,0.029114289046924133
4,0.1,0.22999999999999998,257.241875,2.420238622700125,8000,7,8,254.273875,2.390583107608862,0.011672453569994122
4,0.099,0.22999999999999998,260.786125,2.416673040852619,8000,6,9,256.597875,2.3961854614483107,0.01632223181895033
4,0.098,0.22999999999999998,266.875125,2.5133103919522326,8000,6,13,258.309125,2.37053478280458,0.03316181726061761
4,0.097,0.22999999999999998,265.64825,2.497519316108282,8000,7,7,267.905875,2.463434328437002,-0.00842693352656026
4,0.096,0.22999999999999998,279.464,2.6344992714558515,8000,4,9,268.997875,2.5039218237343133,0.03890783523847531
4,0.095,0.22999999999999998,269.6845,2.6267542661458814,8000,6,6,268.14525,2.499346943142841,0.005740359003189646
4,0.094,0.22999999999999998,275.504375,2.578690447089406,8000,7,7,278.050375,2.623879459187667,-0.009156614156697298
4,0.093,0.22999999999999998,283.136875,2.7648945172448682,8000,5,5,281.0795,2.6234277863870292,0.007319548383998047
4,0.092,0.22999999999999998,284.158625,2.69767519506536,8000,5,10,283.909875,2.6590187777483067,0.0008761583231297351
4,0.091,0.22999999999999998,288.095625,2.6820213743441674,8000,6,7,279.931625,2.633110208698796,0.02916426466641626
4,0.09,0.22999999999999998,291.33225,2.745766948779396,8000,6,7,285.584875,2.655832496423754,0.02012492783450096
4,0.089,0.22999999999999998,289.244,2.742429890528299,8000,5,7,286.307375,2.679651182431887,0.010256896106850372
4,0.088,0.22999999999999998,294.135125,2.756100919063706,8000,8,9,295.457125,2.7699985007538483,-0.004474422473311492
4,0.087,0.22999999999999998,300.591875,2.8664487030372507,8000,6,6,299.1715,2.788388668862329,0.004747694884038204
4,0.08600000000000001,0.22999999999999998,305.837625,2.9131193874420265,8000,5,9,299.233625,2.754141185061748,0.022069712252424788
4,0.085,0.22999999999999998,306.518,2.877184493272206,8000,5,6,302.07325,2.7865970175865025,0.014714146320470281
4,0.084,0.22999999999999998,307.87575,2.938313397970896,8000,7,7,308.0135,2.831288730720224,-0.0004472206575362429
4,0.083,0.22999999999999998,309.199875,2.930967811519271,8000,6,6,309.356375,2.8748218417077807,-0.0005058890414008572
4,0.082,0.22999999999999998,314.1565,2.9129784521433697,8000,7,9,313.557125,2.8923655114582734,0.001911533663921715
4,0.081,0.22999999999999998,321.108125,3.0057014036850136,8000,7,7,322.829125,3.028049934841363,-0.005330993602265606
4,0.08,0.22999999999999998,328.88175,3.112338382694471,8000,5,6,318.056,2.966743804931682,0.03403724501345684
4,0.079,0.22999999999999998,327.317125,3.1143385315188374,8000,8,8,328.25175,3.027488440485669,-0.002847281088372079
4,0.078,0.22999999999999998,331.45925,3.2333973367376054,8000,5,5,329.54925,3.038001594966017,0.0057957953173919385
4,0.077,0.22999999999999998,334.914,3.1938619717806915,8000,7,7,334.63275,3.130381559533633,0.0008404736236964255
4,0.07600000000000001,0.22999999999999998,347.29175,3.2788491165625993,8000,4,6,340.56875,3.1273985923885923,0.01974050760676062
4,0.07500000000000001,0.22999999999999998,345.5775,3.2513164122813927,8000,6,6,346.525125,3.2243465865126133,-0.00273465019311375
4,0.07400000000000001,0.22999999999999998,349.2235,3.307214475872018,8000,5,7,342.252875,3.191595480926198,0.02036688515764837
4,0.07300000000000001,0.22999999999999998,345.509625,3.1907730928469635,8000,10,11,352.80125,3.335125106497384,-0.020667798087449958
4,0.07200000000000001,0.22999999999999998,360.5935,3.4047428414559895,8000,6,7,363.686,3.36988294056769,-0.00850321431124644
4,0.07100000000000001,0.22999999999999998,368.174875,3.5527858801447025,8000,6,7,369.5255,3.5153974058538373,-0.003655025160645304
4,0.07,0.22999999999999998,373.647125,3.5792022949133213,8000,6,7,362.708125,3.3622328387108706,0.030159236162685964
4,0.069,0.22999999999999998,373.6865,3.447564265483579,8000,8,8,372.286375,3.462081127553432,0.003760881659985549
4,0.068,0.22999999999999998,380.375375,3.544632626222784,8000,9,10,374.174375,3.38671372421351,0.016572487092415194
4,0.067,0.22999999999999998,392.36675,3.7558951411872026,8000,5,6,386.147375,3.583937137789546,0.01610622110275905
4,0.066,0.22999999999999998,399.84675,3.808990600766728,8000,5,10,384.591,3.5824439785197484,0.0396674649172757
4,0.065,0.22999999999999998,403.887625,3.8435230529150863,8000,5,6,391.51375,3.6824984361108264,0.03160521182206244
4,0.064,0.22999999999999998,412.234875,3.9666914480108306,8000,5,6,397.636,3.641703790990237,0.03671416823426441
4,0.063,0.22999999999999998,413.865375,3.868292128561086,8000,6,7,410.061375,3.8305326137205475,0.009276660109721316
4,0.062,0.22999999999999998,413.627375,3.9501206030384046,8000,8,8,412.331375,3.870192145631362,0.0031431030442444314
4,0.061,0.22999999999999998,430.337125,4.10572698291351,8000,5,6,425.310375,3.939265403509242,0.011819015701180562
4,0.060000000000000005,0.22999999999999998,434.07725,4.138712725979325,8000,5,7,427.515875,4.0213262630769355,0.015347675685727456
4,0.059000000000000004,0.22999999999999998,438.960125,4.110893200204304,8000,6,7,434.3295,4.060371216006022,0.010661548432699158
4,0.058,0.22999999999999998,445.56975,4.181996980864606,8000,10,10,443.278625,4.157793638022541,0.005168588943353681
4,0.057,0.22999999999999998,465.71325,4.438410100456262,8000,5,6,452.695,4.129893044794887,0.028757220645246852
4,0.056,0.22999999999999998,463.618875,4.282650744809463,8000,7,9,457.644375,4.209840746913322,0.013054896610495819
4,0.055,0.22999999999999998,478.558125,4.526365347946786,8000,5,6,467.028625,4.317138403931592,0.02468692363342834
4,0.054000000000000006,0.22999999999999998,480.7295,4.529324916777772,8000,6,7,477.234875,4.497019243910549,0.007322652184629183
4,0.053000000000000005,0.22999999999999998,484.4945,4.571476435006335,8000,11,13,478.22075,4.542952783424976,0.013118941409380514
4,0.052000000000000005,0.22999999999999998,521.047625,5.061194526701385,8000,4,7,490.493625,4.5704443837720055,0.06229234885570639
4,0.051000000000000004,0.22999999999999998,511.711,4.822751223476641,8000,5,7,501.25425,4.639004853184643,0.020861169755667906
4,0.05,0.22999999999999998,520.22875,4.843315378917849,8000,9,10,502.497625,4.685899458723168,0.035285987670090904
4,0.1,0.24,235.279625,2.1754299555016323,8000,9,9,236.08425,2.1638718406851294,-0.003408211263563695
4,0.099,0.24,244.217375,2.313250047251985,8000,5,11,240.358125,2.226281546688601,0.016056249398683747
4,0.098,0.24,245.44675,2.381880901227671,8000,5,5,243.784625,2.218812086897129,0.006818005852501991
4,0.097,0.24,247.965875,2.344949572991503,8000,7,7,247.37375,2.2646752820512326,0.002393645243280704
4,0.096,0.24,254.900625,2.393434980070829,8000,5,7,246.135,2.3260291253682763,0.03561307818879883
4,0.095,0.24,255.474375,2.37461124112732,8000,5,7,243.429375,2.2512995930675,0.04948047046499633
4,0.094,0.24,260.907875,2.4481769035380028,8000,5,8,255.504375,2.3909380890616214,0.021148365854792035
4,0.093,0.24,261.733625,2.469701179881821,8000,4,6,253.75975,2.369805345574648,0.031422930547496286
4,0.092,0.24,259.777125,2.387923571869488,8000,7,8,255.354875,2.353461744720908,0.017318055901615427
4,0.091,0.24,266.259375,2.5487199071978934,8000,4,7,260.332375,2.437600595322214,0.02276704923849738
4,0.09,0.24,262.524875,2.438952275553911,8000,9,13,263.618375,2.446999503063072,-0.004148041653014536
4,0.089,0.24,277.99825,2.6550377992284035,8000,4,5,268.185875,2.492871173019417,0.03658796347868796
4,0.088,0.24,276.545625,2.5909047878101115,8000,6,9,271.347625,2.4964766090762556,0.01915623916000731
4,0.087,0.24,279.593625,2.6167158791209886,8000,5,9,272.113625,2.5227867569262643,0.02748851697521563
4,0.08600000000000001,0.24,283.215625,2.669584209448887,8000,5,6,276.998,2.5907813105750366,0.02244646170730474
4,0.085,0.24,281.345875,2.672329861103671,8000,8,8,280.0215,2.6107112201664773,0.00472954755259855
4,0.084,0.24,281.89175,2.6530399050588023,8000,6,6,282.532625,2.593167035713388,-0.0022683221097032392
4,0.083,0.24,286.03775,2.709054194953672,8000,10,14,282.122375,2.569512953513215,0.013878285974304733
4,0.082,0.24,295.561375,2.8084547887007534,8000,5,6,292.58525,2.692022682123949,0.010171821716918487
4,0.081,0.24,297.815,2.875573995979028,8000,6,7,293.038875,2.705583001940496,0.01629860543247028
4,0.08,0.24,302.1645,2.790601982529372,8000,6,7,293.42925,2.7185182104801644,0.029769527066575503
4,0.079,0.24,303.128875,2.8638884759937255,8000,5,6,297.614125,2.7497622833187583,0.01852986648399162
4,0.078,0.24,303.309,2.8286706273998727,8000,7,7,303.996625,2.8095542286226864,-0.0022619494542084756
4,0.077,0.24,307.519375,2.871039788649693,8000,8,8,307.665875,2.8159180259245185,-0.0004761659056273406
4,0.07600000000000001,0.24,317.29675,2.9350918949384965,8000,6,7,313.382625,2.8878233855062723,0.012489923460178928
4,0.07500000000000001,0.24,323.89,3.054741025085644,8000,5,6,311.807875,2.894354062187747,0.03874862044456049
4,0.07400000000000001,0.24,322.076875,3.017907977469551,8000,6,8,323.468875,3.046876792090151,-0.0043033506701380545
4,0.07300000000000001,0.24,328.1165,3.0710467323003643,8000,6,11,324.370875,3.0283831274109945,0.011547353010654737
4,0.07200000000000001,0.24,332.51125,3.1796482320438577,8000,5,10,327.428,2.974133283092437,0.015524787128773412
4,0.07100000000000001,0.24,333.583,3.0644338101755633,8000,7,10,329.652125,3.107969917908533,0.011924312637147461
4,0.07,0.24,340.452125,3.2440828158992177,8000,6,6,341.9385,3.137404197199625,-0.004346907411712787
4,0.069,0.24,357.830375,3.404702893685322,8000,4,5,338.924875,3.076300992243551,0.05578079803083211
4,0.068,0.24,349.509625,3.2491546576253594,8000,7,7,350.61625,3.269668594036946,-0.0031562284976807305
4,0.067,0.24,364.155,3.444153205366706,8000,5,6,356.168,3.2852176665161092,0.022424810763459844
4,0.066,0.24,362.273375,3.4085809421801323,8000,6,6,359.49575,3.307021287573871,0.007726447391937181
4,0.065,0.24,367.77325,3.4198883976873087,8000,9,10,366.368875,3.312448808535453,0.0038332268263782396
4,0.064,0.24,382.519125,3.5908640619101955,8000,5,6,368.497,3.348954136831576,0.03805220938026622
4,0.063,0.24,388.135625,3.716257190513821,8000,4,6,375.462375,3.488277143013902,0.03375371500273495
4,0.062,0.24,391.221125,3.701796050951774,8000,6,7,381.2015,3.54819807450426,0.026284327317704578
4,0.061,0.24,389.0685,3.722250188129034,8000,6,9,388.64425,3.621496762920363,0.0010916152754092523
4,0.060000000000000005,0.24,401.2205,3.755210783660814,8000,6,7,397.08675,3.666858879348893,0.010410193742299435
4,0.059000000000000004,0.24,406.745375,3.7716182766077653,8000,7,8,401.5945,3.760466106001429,0.012826059619840516
4,0.058,0.24,419.578625,3.9619274773688957,8000,6,7,408.384375,3.863888383388854,0.027411063412991772
4,0.057,0.24,426.211375,4.00473633821173,8000,6,6,428.383375,3.9263333363024135,-0.005070224772378306
4,0.056,0.24,426.480125,3.9173328354814374,8000,13,13,428.860375,3.981833758300598,-0.005550174692637411
4,0.055,0.24,435.82625,4.1467524434303495,8000,5,5,434.607125,4.064964659469949,0.0028051196813674408
4,0.054000000000000006,0.24,443.792375,4.029570253967708,8000,7,10,434.50575,4.074914111701546,0.021372847194772487
4,0.053000000000000005,0.24,455.08275,4.430056028128338,8000,6,13,449.5435,4.1691480380155745,0.012321944372457797
4,0.052000000000000005,0.24,459.1785,4.377285906667205,8000,6,6,458.913125,4.288110305946699,0.0005782684903597079
4,0.051000000000000004,0.24,478.1895,4.634439473509494,8000,5,7,469.724125,4.299337526310732,0.018022014517563887
4,0.05,0.24,482.357875,4.551629603539432,8000,6,8,477.38325,4.434471049388605,0.010420610693818862
4,0.1,0.25,220.404375,2.061694333230045,8000,10,10,219.17375,2.0255736150349923,0.005614837543273202
4,0.099,0.25,222.735875,2.063569856872386,8000,7,8,230.185875,2.1107149986227944,-0.03236514838280158
4,0.098,0.25,229.61725,2.1557189745168137,8000,6,11,223.967875,2.063345394535338,0.025224041617575826
4,0.097,0.25,228.1095,2.170854681047197,8000,6,7,224.5735,2.119713248059864,0.015745401839486854
4,0.096,0.25,233.09825,2.190525343616758,8000,5,6,227.1825,2.044902605272897,0.026039637736181277
4,0.095,0.25,236.98625,2.176934954148036,8000,5,6,231.383875,2.1106491034934742,0.024212469429859898
4,0.094,0.25,231.286375,2.1967941491208554,8000,6,8,228.456125,2.09231470523109,0.012388593214561469
4,0.093,0.25,242.51325,2.2715592471320973,8000,5,8,238.2,2.198507801798602,0.0181076826196474
4,0.092,0.25,240.004,2.2033540342793407,8000,9,10,243.2295,2.2567912629592755,-0.013261138143194025
4,0.091,0.25,241.947,2.2425468419672536,8000,6,8,242.2115,2.2434432744521224,-0.0010920208165177878
4,0.09,0.25,254.0335,2.454410571018048,8000,4,5,244.218375,2.2296600938117597,0.04018995294682472
4,0.089,0.25,250.208125,2.303137594993128,8000,6,6,250.463,2.308737950751591,-0.0010176153763230434
4,0.088,0.25,256.31925,2.4183652037506715,8000,5,7,247.000375,2.255753908080212,0.037728181586768925
4,0.087,0.25,251.48075,2.328240230893557,8000,9,9,252.337,2.3391252956005935,-0.0033932796220926325
4,0.08600000000000001,0.25,266.556625,2.545155885748753,8000,4,5,254.03075,2.340474728190597,0.049308499069502354
4,0.085,0.25,262.49575,2.4663551837638362,8000,5,7,254.84025,2.360426407261027,0.030040388047021572
4,0.084,0.25,267.963,2.472404236358508,8000,5,7,261.38275,2.4160487640998682,0.025174767653948226
4,0.083,0.25,263.4765,2.419634536687336,8000,8,10,264.736125,2.4412977767936095,-0.0047580397272945964
4,0.082,0.25,276.652375,2.574151633026141,8000,4,6,269.81975,2.47301103903563,0.02532292391494695
4,0.081,0.25,276.584875,2.643595016517416,8000,4,4,275.514,2.5587022348039636,0.003886826077803672
4,0.08,0.25,280.8535,2.6344706470973542,8000,5,7,278.96675,2.5910411731772665,0.006763350829444751
4,0.079,0.25,282.269,2.6262562199053567,8000,6,10,280.580625,2.5857728951194288,0.0060174326007008064
4,0.078,0.25,287.929625,2.7332746891980593,8000,6,6,285.691625,2.6657952611330087,0.00783362130408968
4,0.077,0.25,286.548875,2.7328814521550764,8000,5,5,288.527875,2.6811245868579716,-0.006858956002084669
4,0.07600000000000001,0.25,298.71675,2.8143448073248774,8000,5,7,287.69425,2.676232729709831,0.03831324400817875
4,0.07500000000000001,0.25,297.7035,2.8016872157461847,8000,5,6,295.34075,2.7047136774415335,0.008000081262067646
4,0.07400000000000001,0.25,307.003125,2.8845164575372984,8000,4,6,303.69,2.833958780848169,0.010909562382692922
4,0.07300000000000001,0.25,307.555,2.852460675822436,8000,6,9,300.6785,2.761678316822843,0.022869942480090933
4,0.07200000000000001,0.25,308.75975,2.8828841147095288,8000,6,6,307.88275,2.85067944479326,0.0028484869645993794
4,0.07100000000000001,0.25,317.860625,2.9978624494978807,8000,4,7,307.152875,2.882799042045577,0.03486130481441866
4,0.07,0.25,318.538,3.015769862818313,8000,6,6,317.49725,2.9123030191180455,0.0032779811478682182
4,0.069,0.25,316.279375,2.9675463171565206,8000,7,7,313.438,2.8677551254304174,0.009065189925918453
4,0.068,0.25,324.429,3.0299756024420272,8000,7,15,323.029,2.966245033046749,0.004333976206470556
4,0.067,0.25,338.869375,3.2269616581168954,8000,5,6,327.21,3.000607184251926,0.03563269765593965
4,0.066,0.25,337.467375,3.133909999455434,8000,7,8,333.14725,3.0913724025659066,0.0129676141706108
4,0.065,0.25,341.997125,3.176840533110436,8000,6,14,341.7075,3.146570426655025,0.0008475816304880663
4,0.064,0.25,351.625,3.309643511112085,8000,5,6,346.926625,3.214983059970637,0.013542849298464764
4,0.063,0.25,351.943875,3.2392238035491205,8000,8,8,349.217875,3.1726673709540347,0.00780601508442258
4,0.062,0.25,373.12,3.508817970548459,8000,4,5,354.627,3.2968778085160415,0.052147749607333885
4,0.061,0.25,362.288375,3.4526527532444864,8000,7,7,365.119375,3.3394589449612653,-0.007753628522178582
4,0.060000000000000005,0.25,364.546875,3.3625023508317753,8000,10,12,365.63825,3.3675320740715935,-0.0029848490960670214
4,0.059000000000000004,0.25,374.909,3.4465370679633063,8000,9,11,368.41875,3.3810402399176915,0.017616502960286367
4,0.058,0.25,383.030625,3.554846144142843,8000,9,9,386.593125,3.5729032481539966,-0.009215114728178367
4,0.057,0.25,396.0225,3.758618902931758,8000,5,6,387.237625,3.5451689907275963,0.022686005782625075
4,0.056,0.25,407.15925,3.8072915095260966,8000,5,6,392.565875,3.684419978284587,0.03717433411653517
4,0.055,0.25,407.35975,3.8177559154588363,8000,6,6,403.80625,3.718451476964639,0.008800012382175964
4,0.054000000000000006,0.25,417.653,3.935550349022829,8000,5,6,411.255125,3.7953150347245086,0.015556948986350015
4,0.053000000000000005,0.25,414.21975,3.841759929207107,8000,8,8,415.022125,3.8165917470311106,-0.001933330662793075
4,0.052000000000000005,0.25,433.634875,4.034167948904928,8000,5,7,429.9385,3.9471192179846653,0.008597450565604257
4,0.051000000000000004,0.25,439.026875,4.082126864645338,8000,8,8,435.84,4.05932538303111,0.00731202964390612
4,0.05,0.25,451.453875,4.26110920747407,8000,6,9,442.29625,4.036627151699475,0.02070473127456992
4,0.1,0.26,208.759875,1.963933019730127,8000,5,6,206.36075,1.8727975891780033,0.011625878467683403
4,0.099,0.26,208.641,1.9405861789584986,8000,7,10,209.046375,1.894982839114906,-0.0019391630206456374
4,0.098,0.26,209.8525,1.9326213422125134,8000,6,8,204.745875,1.8803349337600568,0.02494128392086033
4,0.097,0.26,213.202,1.9595319581948385,8000,7,8,215.90025,1.9626274865148352,-0.01249766964142006
4,0.096,0.26,213.701125,1.9763487326079137,8000,7,7,212.786375,1.9833886665238445,0.004298912465612509
4,0.095,0.26,219.83225,2.0232925462802376,8000,5,8,217.8615,2.0254575037460514,0.009045884656077283
4,0.094,0.26,218.49575,2.0289612541183546,8000,5,5,218.932625,2.0079821596556475,-0.0019954769189837046
4,0.093,0.26,219.77825,2.0306053264645425,8000,9,13,220.593125,1.9943260896317256,-0.003694018115931638
4,0.092,0.26,223.06675,2.03633085897788,8000,9,9,222.305,2.0481471544961822,0.0034265985920244996
4,0.091,0.26,228.565125,2.105768061119909,8000,7,7,228.934125,2.116206854756184,-0.0016118173732290885
4,0.09,0.26,231.39575,2.15129490661185,8000,5,6,226.323375,2.0523957382738063,0.02241206857223649
4,0.089,0.26,232.935375,2.151271656438035,8000,6,7,229.030875,2.088065819742099,0.017047919849234233
4,0.088,0.26,235.477625,2.1898518842787764,8000,5,5,234.216,2.1283666504093746,0.005386587594357264
4,0.087,0.26,239.31975,2.2072705586667625,8000,6,7,234.995,2.151575084395842,0.01840358305495859
4,0.08600000000000001,0.26,243.388875,2.2500978337478963,8000,5,6,239.272125,2.165910879194969,0.017205305465482136
4,0.085,0.26,241.563125,2.231406890617046,8000,6,6,241.17425,2.1901225928560835,0.0016124233826787602
4,0.084,0.26,254.18825,2.380152619540126,8000,4,5,241.84675,2.2213755035890896,0.051030249527851936
4,0.083,0.26,250.036625,2.318997063144654,8000,6,6,248.750875,2.2868487047882335,0.005168826039305304
4,0.082,0.26,251.7245,2.384896894599111,8000,5,8,247.281,2.2371003318161273,0.017969435581383125
4,0.081,0.26,256.381375,2.321684084212801,8000,5,9,250.91325,2.3344906717294323,0.021792890570745013
4,0.08,0.26,257.621375,2.4142513624245496,8000,7,12,256.752625,2.3390558622266804,0.003383607080940174
4,0.079,0.26,259.428,2.448766590648634,8000,5,5,257.3705,2.3633090931895673,0.007994311702390152
4,0.078,0.26,268.377125,2.504262696718052,8000,5,6,260.987625,2.367174884984089,0.028313602991712726
4,0.077,0.26,267.257375,2.449810546369415,8000,8,13,262.594875,2.3846604869554393,0.017755487421451097
4,0.07600000000000001,0.26,270.670875,2.4950423728410067,8000,7,8,272.805,2.5359335850961284,-0.007822895474789622
4,0.07500000000000001,0.26,278.22475,2.6006582799102604,8000,6,6,277.137125,2.5270744183455065,0.0039245012735119695
4,0.07400000000000001,0.26,278.469625,2.6049421071000003,8000,6,8,274.00325,2.5080975557378795,0.016300445341433097
4,0.07300000000000001,0.26,281.151,2.605902133257505,8000,7,8,277.247875,2.5281457558838296,0.014078106099099905
4,0.07200000000000001,0.26,284.28,2.6385048336547827,8000,6,6,283.4825,2.6128063983250156,0.002813224802236317
4,0.07100000000000001,0.26,288.446375,2.6773599375269486,8000,6,6,287.67275,2.639973049463275,0.0026892536745311514
4,0.07,0.26,295.499375,2.743989043698091,8000,6,6,295.214,2.7425301713413455,0.0009666716348140255
4,0.069,0.26,298.9535,2.786110146725621,8000,6,6,301.436125,2.7080587431807333,-0.008235990294792916
4,0.068,0.26,315.788875,3.0007696964696744,8000,4,5,295.5365,2.668126222541051,0.0685274915281193
4,0.067,0.26,307.516625,2.8491824444525125,8000,6,7,309.195375,2.8549702287987326,-0.005429414977504228
4,0.066,0.26,314.9295,2.9382177559987723,8000,6,6,314.32025,2.8685702642017104,0.0019383097334646157
4,0.065,0.26,316.330875,2.927978060929155,8000,6,7,313.698125,2.8821911211815787,0.008392622684627099
4,0.064,0.26,336.16925,3.223567952300304,8000,4,5,326.646375,2.9917842052671983,0.029153469099419824
4,0.063,0.26,329.10475,3.0842934542117826,8000,7,7,326.580875,2.9366673814577573,0.007728177591538489
4,0.062,0.26,333.206,3.016796969219869,8000,9,13,334.02175,3.107359655136573,-0.002442206233576047
4,0.061,0.26,336.606,3.12579770069309,8000,7,7,335.24025,3.0493034866935487,0.004073943984948082
4,0.060000000000000005,0.26,351.576625,3.284127079021162,8000,5,6,338.230375,3.1230547300120683,0.03945905213273645
4,0.059000000000000004,0.26,356.562625,3.359997705778462,8000,5,8,349.46925,3.2552333268609526,0.0202975655225747
4,0.058,0.26,353.814875,3.307094447498798,8000,6,11,349.1085,3.1597041932026353,0.013481124063149365
4,0.057,0.26,364.152625,3.3718265876069733,8000,7,8,359.938375,3.276569227737748,0.01170825422546288
4,0.056,0.26,372.251375,3.499272649328066,8000,5,10,365.17125,3.3331898962990825,0.01938850607762799
4,0.055,0.26,392.361375,3.6708381039875464,8000,4,5,371.788625,3.4410853395753573,0.05533453316383734
4,0.054000000000000006,0.26,380.878625,3.4748868638386243,8000,13,13,380.410625,3.4737543357528633,0.0012302495494178633
4,0.053000000000000005,0.26,399.998875,3.786076097788326,8000,5,7,385.3725,3.571256328582325,0.03795386282103678
4,0.052000000000000005,0.26,403.119125,3.758144311573549,8000,5,8,398.008875,3.6350851458434215,0.01283953781181389
4,0.051000000000000004,0.26,406.6215,3.859130684613293,8000,6,6,405.985125,3.7515910098056935,0.001567483537728245
4,0.05,0.26,426.24175,3.9132398701909894,8000,4,8,415.39425,3.8462879344540144,0.026113746158017415
4,0.1,0.27,198.11025,1.8720261024711247,8000,4,5,192.452375,1.7216542490150473,0.029398831788903717
4,0.099,0.27,195.170375,1.7963014187541853,8000,6,7,198.857875,1.799719011540582,-0.018543394371482648
4,0.098,0.27,195.518,1.7929222391864827,8000,6,6,194.39075,1.7690163397792538,0.005798887035519971
4,0.097,0.27,202.80575,1.8667523865462907,8000,5,6,200.6945,1.8471677627009668,0.01051972027135763
4,0.096,0.27,204.049625,1.8886761239642376,8000,4,5,198.556875,1.834234715495331,0.027663358420603676
4,0.095,0.27,206.951875,1.9559303803636905,8000,4,8,203.551875,1.8453950810730755,0.01670335878753269
4,0.094,0.27,203.97725,1.8809863134785494,8000,5,7,205.879,1.9089397633247887,-0.009237221863327453
4,0.093,0.27,209.92075,1.9017706042944842,8000,5,7,204.01425,1.8563480554923095,0.02895140903147694
4,0.092,0.27,211.53875,1.9365287853584188,8000,5,6,208.808375,1.9086866063284378,0.013075984140961687
4,0.091,0.27,213.909625,2.001475404581409,8000,5,7,208.85775,1.9163624464713005,0.024188113680244067
4,0.09,0.27,215.918125,1.9838757264626738,8000,6,11,213.742,1.9374805085058546,0.010181082800759857
4,0.089,0.27,214.074625,1.9194568199946958,8000,10,10,212.802625,1.9451023942016943,0.005977369875019123
4,0.088,0.27,217.284875,2.0049969212535155,8000,6,6,216.76975,1.9426325825502968,0.0023763693965602297
4,0.087,0.27,219.7705,1.9879527168595608,8000,5,5,221.500375,1.9770539159329306,-0.007809806191073007
4,0.08600000000000001,0.27,229.196625,2.1567317709772498,8000,4,5,222.262875,2.05310593265743,0.031196168051007184
4,0.085,0.27,224.7005,2.0667578259093684,8000,7,7,225.4845,2.068440443777009,-0.003476957396184624
4,0.084,0.27,229.797125,2.126458030402006,8000,8,10,229.351375,2.08194867164397,0.0019435244284016343
4,0.083,0.27,231.838375,2.077192169723029,8000,7,9,230.37125,2.135988401767727,0.006368524718253732
4,0.082,0.27,235.203,2.170350849050908,8000,6,6,236.396625,2.160782650316526,-0.005049247213237487
4,0.081,0.27,238.113875,2.176893479614528,8000,8,12,237.88875,2.181819945931434,0.0009463457183242999
4,0.08,0.27,239.150375,2.2169342446215095,8000,7,7,237.291875,2.1421681574516733,0.007832126574076724
4,0.079,0.27,243.708375,2.253385767219943,8000,6,6,242.584375,2.197038542539046,0.004633439396086393
4,0.078,0.27,243.82475,2.2468240990331636,8000,7,7,245.26,2.2043613831194793,-0.0058519530294381325
4,0.077,0.27,256.367375,2.382556458824451,8000,4,8,251.90825,2.3066011180049935,0.017701385325807995
4,0.07600000000000001,0.27,257.059,2.3376109049557137,8000,5,7,257.2215,2.395247074841642,-0.0006317512338586234
4,0.07500000000000001,0.27,255.881125,2.3358705626869614,8000,7,7,258.168125,2.359410067285093,-0.008858568423193134
4,0.07400000000000001,0.27,258.2165,2.3597221940988975,8000,6,8,257.852875,2.3231692212488775,0.0014102033960257888
4,0.07300000000000001,0.27,264.77375,2.4611608255441855,8000,7,7,263.771875,2.423190992487242,0.003798263177224577
4,0.07200000000000001,0.27,273.436625,2.5256341359992716,8000,5,6,267.29425,2.39609085069573,0.02297982466888089
4,0.07100000000000001,0.27,269.640875,2.4708328661426795,8000,6,6,271.78525,2.5101340391334666,-0.007889960915833456
4,0.07,0.27,277.4925,2.5675605716087517,8000,7,8,271.151625,2.440591632227078,0.023384978791847484
4,0.069,0.27,283.779375,2.633300589839817,8000,5,6,279.305125,2.5402597601766916,0.016019219124604467
4,0.068,0.27,283.336,2.6337146605819264,8000,6,13,283.18275,2.5795705562334423,0.0005411699688629131
4,0.067,0.27,289.820875,2.689892093763021,8000,7,8,285.64625,2.599864771910496,0.014614667617726443
4,0.066,0.27,291.820625,2.7240145971785608,8000,5,7,290.736125,2.6505922718888737,0.003730186608217301
4,0.065,0.27,295.6585,2.7303922547780326,8000,7,8,291.538625,2.6490314356302083,0.014131489438148988
4,0.064,0.27,305.224625,2.8796026262293197,8000,4,11,298.9885,2.7091874892345915,0.020857407559153666
4,0.063,0.27,304.283875,2.7798810907317373,8000,8,10,302.821,2.796481316242612,0.0048308241502405605
4,0.062,0.27,316.2005,2.9177459202483074,8000,5,6,305.703,2.8082789986024803,0.034338884472838026
4,0.061,0.27,322.936125,3.0495643979509928,8000,4,5,314.768125,2.85035676807943,0.025949260268967853
4,0.060000000000000005,0.27,322.080125,2.9733961651565064,8000,7,7,321.652125,2.9571093804565374,0.0013306301023193838
4,0.059000000000000004,0.27,333.535375,3.1190925310261814,8000,5,6,325.326875,2.9702946808402992,0.025231545964347447
4,0.058,0.27,336.531375,3.0358493899386656,8000,7,9,330.361875,3.034006723136099,0.018674975736834125
4,0.057,0.27,333.416875,3.0457532412574277,8000,10,10,335.853,3.0076353099477844,-0.007253545449943886
4,0.056,0.27,344.49325,3.2031084728027484,8000,8,8,345.951875,3.1620475289667893,-0.004216265629431793
