4,0.015,0.2,2227.582125,21.36836231781588,8000,8,11,2233.73025,21.30902350375194,-0.0027524026233696586
4,0.0148,0.2,2266.88775,21.33888621585271,8000,7,12,2227.57425,21.0755774978819,0.017648569963492684
4,0.014599999999999998,0.2,2273.537375,21.612146203630022,8000,10,10,2287.479875,22.28019975966978,-0.006095135591083664
4,0.0144,0.2,2357.655875,22.735511181359165,8000,5,6,2333.502375,22.208643009447584,0.010350750125120354
4,0.0142,0.2,2350.75225,22.523027682507312,8000,6,6,2332.650375,22.242758045942868,0.007760217816611216
4,0.013999999999999999,0.2,2430.095625,23.749685467761136,8000,6,12,2363.197375,21.64876235515445,0.028308363367236616
4,0.0138,0.2,2424.0805,22.903100140908368,8000,8,8,2410.79375,22.375436591756173,0.005511359070015928
4,0.013600000000000001,0.2,2458.525375,23.448881790805476,8000,8,9,2404.78575,22.674517870033025,0.022346949203271085
4,0.013399999999999999,0.2,2504.581125,24.409628082766524,8000,7,7,2493.13675,23.37389210511265,0.00459035189305201
4,0.0132,0.2,2607.873125,25.680562119769014,8000,5,6,2521.4335,23.670608311721725,0.03428193723927281
4,0.013000000000000001,0.2,2651.77625,25.391301904265195,8000,5,6,2582.92,24.682238622903103,0.026658297585678153
4,0.012799999999999999,0.2,2659.460375,25.118143506146744,8000,6,8,2597.835125,24.664784096626935,0.023721771026558144
4,0.0126,0.2,2653.422375,25.016697537919708,8000,9,10,2614.417625,24.820574682085596,0.014919096944199975
4,0.0124,0.2,2769.9285,26.492446485056156,8000,6,8,2660.749125,24.975453766467325,0.041033321771739815
4,0.012199999999999999,0.2,2768.768375,27.165776630819924,8000,7,8,2676.304625,24.79502361053135,0.03454903792949201
4,0.012,0.2,2837.65275,27.315254182710124,8000,6,8,2762.5135,25.95192084235567,0.027199595585686794
4,0.0118,0.2,2835.00275,26.718659568879936,8000,6,10,2848.15475,27.186644824387685,-0.004617726617558278
4,0.0116,0.2,2872.916875,27.478575358970563,8000,10,10,2848.544625,27.44557564328675,0.008556035873933306
4,0.0114,0.2,3038.61775,29.79869366270303,8000,5,6,2891.969,27.36364908752208,0.05070896333951015
4,0.0112,0.2,3157.226125,30.809403909078064,8000,4,5,2985.9395,27.85698697939917,0.05736439904425397
4,0.011,0.2,3124.390625,30.251227543388612,8000,5,6,3049.628875,28.97252823696457,0.02451503217748098
4,0.0108,0.2,3251.543625,31.52348943691263,8000,4,6,3105.4045,29.4868358601953,0.04705961010876351
4,0.010599999999999998,0.2,3190.46175,30.414525969154248,8000,6,7,3102.898625,28.956731221732273,0.028219782720100995
4,0.0104,0.2,3255.19275,30.824455694538027,8000,8,10,3161.322125,30.073754586277968,0.029693470417855635
4,0.0102,0.2,3354.76475,32.274223094607166,8000,6,9,3274.559875,31.440109856723602,0.02449332980970455
4,0.009999999999999998,0.2,3354.89625,32.5196313020227,8000,6,6,3327.48025,30.85687724597085,0.008239267535847796
4,0.0098,0.2,3497.4855,33.86913044266248,8000,6,7,3366.598,31.573407193470988,0.03887826821022285
4,0.009600000000000001,0.2,3493.802,33.28300602510249,8000,6,7,3437.159875,32.29824995455464,0.01647933964666113
4,0.009399999999999999,0.2,3569.685125,33.805531331198814,8000,6,9,3481.149875,32.72125452861337,0.02543276020254655
4,0.0092,0.2,3704.4005,35.663191532604806,8000,6,7,3632.09975,34.05921187196145,0.01990604745918675
4,0.009000000000000001,0.2,3724.863625,35.242942722690266,8000,7,7,3711.576875,35.498349839167766,0.0035798126907986396
4,0.008799999999999999,0.2,3852.447625,37.2789200024347,8000,6,8,3806.951125,35.78472602871787,0.01195090204894599
4,0.0086,0.2,4000.80825,39.101326744570194,8000,4,6,3869.049625,36.9355997970534,0.03405451926711846
4,0.0084,0.2,4050.126375,39.81240661233101,8000,6,8,4047.926,38.32914735927361,0.0005435808362109126
4,0.008199999999999999,0.2,4019.805875,39.20858458902202,8000,11,11,4049.43,37.8829507699523,-0.007315628372388169
4,0.008,0.2,4350.543,42.800712221173434,8000,4,5,4229.401,40.200706790701254,0.028642826726526956
4,0.0078,0.2,4258.058625,41.171609737682864,8000,7,7,4259.004375,40.20347237925664,-0.0002220589407121168
4,0.0076,0.2,4484.248375,43.96722638395097,8000,6,12,4343.37525,41.40129326410193,0.0324340212142619
4,0.0074,0.2,4643.609375,45.22033244190779,8000,5,6,4485.482875,42.763580142004734,0.03525294921564054
4,0.0072,0.2,4745.003875,45.93111895279746,8000,6,7,4613.13125,43.836748772528715,0.02858635877745728
4,0.007,0.2,4765.589,45.5117995929094,8000,11,12,4725.038875,44.96153593535173,0.008581966428794673
4,0.0068000000000000005,0.2,5005.717625,48.701998604789644,8000,6,9,4819.90625,45.49919973903089,0.038550827622425274
4,0.0066,0.2,5106.95325,49.426213752383376,8000,6,8,5037.6645,47.78513193030515,0.013754141428036685
4,0.0063999999999999994,0.2,5261.96075,50.40815278966179,8000,6,6,5222.539125,49.85790522535355,0.0075483637472988675
4,0.0062,0.2,5463.453125,52.706297792436196,8000,6,7,5397.240375,50.84201257736777,0.012267889773206494
4,0.006,0.2,5646.20275,53.68385212912243,8000,6,8,5415.852875,50.67758717380765,0.04253252078971972
4,0.0058,0.2,5954.20925,58.555011415362955,8000,5,13,5672.21775,54.22763353312536,0.04971450540663748
4,0.0056,0.2,5939.137125,57.47156454152195,8000,10,11,5843.832125,55.88494510071775,0.01630864781215807
4,0.0054,0.2,6337.750875,61.34158969062865,8000,5,6,6087.41025,58.16340370856693,0.04112432294176326
4,0.0052,0.2,6600.18625,63.586462609031486,8000,5,6,6406.489625,60.55795779653452,0.030234439816173055
4,0.005,0.2,6864.0495,66.8865050433911,8000,5,9,6648.293125,62.886636181170196,0.03245289744952392
4,0.015,0.22,1898.964875,18.047454648303304,8000,6,7,1863.8515,17.674161532211425,0.01883914839782027
4,0.0148,0.22,1925.75675,18.2768887139281,8000,6,6,1912.230125,18.11444048480922,0.00707374328181341
4,0.014599999999999998,0.22,1930.81975,17.978549646061946,8000,8,9,1879.262125,17.496837592802425,0.02743503650402157
4,0.0144,0.22,1967.6595,18.80293829863571,8000,7,9,1946.7475,18.486541814154958,0.010742019702092868
4,0.0142,0.22,2027.640625,19.497200672656444,8000,5,10,1969.887375,18.563265100399892,0.02931804667259212
4,0.013999999999999999,0.22,2068.2315,19.783305955092107,8000,5,6,1990.473125,18.92534772736797,0.03906527248389746
4,0.0138,0.22,2062.231375,19.814937902390348,8000,5,6,2030.3135,19.288961146015104,0.015720663335982283
4,0.013600000000000001,0.22,2075.600625,19.9452227559803,8000,6,10,2039.56375,19.047483268153787,0.01766891326637866
4,0.013399999999999999,0.22,2082.375375,19.20061092185084,8000,7,10,2058.20175,19.20363852089422,0.011745022080561296
4,0.0132,0.22,2161.711375,19.97187008774908,8000,7,8,2102.3825,19.9187158540185,0.028219829170001032
4,0.013000000000000001,0.22,2135.02625,20.241053374122576,8000,7,7,2137.765,19.860743994677737,-0.001281127719838234
4,0.012799999999999999,0.22,2180.718375,20.72727907903127,8000,8,8,2182.49225,20.20341938600625,-0.0008127749365432395
4,0.0126,0.22,2305.739375,22.087672193620083,8000,4,5,2237.073125,20.940951831105146,0.0306946828123914
4,0.0124,0.22,2322.575,22.027102495049498,8000,5,6,2238.20225,20.740646015107814,0.0376966603442562
4,0.012199999999999999,0.22,2299.09525,21.63079591984991,8000,9,9,2311.15325,21.488337077630042,-0.005217308718060991
4,0.012,0.22,2345.507,22.171177005689216,8000,8,8,2330.908875,21.783778248722214,0.006262846718964928
4,0.0118,0.22,2374.826875,22.713470569240496,8000,7,7,2363.400875,22.287172071236313,0.004834558589219608
4,0.0116,0.22,2451.04,23.389207094722448,8000,6,8,2365.00525,22.027907866208604,0.03637824905462675
4,0.0114,0.22,2479.948375,23.716194956224168,8000,6,7,2433.36975,22.912834099450155,0.01914161421625304
4,0.0112,0.22,2552.7385,24.572010545715447,8000,6,6,2532.330875,24.259203984969083,0.008058830384872128
4,0.011,0.22,2594.451,24.829348467071934,8000,5,11,2540.957,23.750055398046996,0.021052697861475084
4,0.0108,0.22,2643.9965,25.31596086553475,8000,6,8,2576.12225,24.036124340714384,0.0263474491554119
4,0.010599999999999998,0.22,2753.0725,26.175395625185605,8000,4,5,2647.6125,24.917190834072798,0.03983211289416409
4,0.0104,0.22,2800.952,26.96714843168104,8000,4,6,2661.33025,24.656952349905602,0.05246314319690322
4,0.0102,0.22,2812.320625,27.537237149799665,8000,5,8,2727.795125,25.250756769274894,0.030986747950874697
4,0.009999999999999998,0.22,2794.396125,26.412192221604627,8000,8,9,2744.663125,25.984154274561252,0.01811989221810242
4,0.0098,0.22,2975.381,28.664144894561954,8000,4,9,2852.043,27.198762689787138,0.04324549103923038
4,0.009600000000000001,0.22,2979.187125,28.37920936593255,8000,6,6,2969.152625,27.901719010112817,0.00337958376255574
4,0.009399999999999999,0.22,3034.896,29.30365975951063,8000,5,6,2936.4045,27.886946010045445,0.03354153012638418
4,0.0092,0.22,3109.000625,30.144054540030613,8000,5,6,3052.448,28.49595449734645,0.018526974087683154
4,0.009000000000000001,0.22,3186.746875,30.288043986883846,8000,5,6,3084.75875,28.114089714031483,0.03306194528178252
4,0.008799999999999999,0.22,3177.51825,30.01867486406906,8000,8,9,3152.951625,29.726415575140837,0.007791627630823524
4,0.0086,0.22,3307.310875,31.743268848192255,8000,5,7,3245.815875,30.58265206847365,0.018945929888891294
4,0.0084,0.22,3373.976375,31.932250735353524,8000,8,8,3383.996875,31.50443946756036,-0.002961143396445846
4,0.008199999999999999,0.22,3540.587,33.24804520699504,8000,5,6,3417.927375,31.717153685325606,0.035887136133195274
4,0.008,0.22,3551.351375,34.01148578987002,8000,6,7,3460.837875,32.538811704462304,0.026153637722772557
4,0.0078,0.22,3628.66475,35.049303378909656,8000,6,7,3575.25675,33.20186416239172,0.01493822786293597
4,0.0076,0.22,3746.59225,35.86276684378875,8000,8,8,3716.707625,35.074150928702515,0.008040617668977968
4,0.0074,0.22,3842.45175,36.50064514758288,8000,7,12,3741.922,34.811639832162825,0.02686580586126599
4,0.0072,0.22,3951.802,37.978557306823,8000,6,7,3870.37275,35.831728894153606,0.02103912342809879
4,0.007,0.22,4092.852125,39.445664098184054,8000,5,6,3953.86,37.58066383451775,0.03515352718609151
4,0.0068000000000000005,0.22,4186.1865,39.863600942617225,8000,6,6,4156.669375,38.75587797215331,0.007101148139789057
4,0.0066,0.22,4265.435125,39.76478928926704,8000,8,8,4270.56375,39.94739317004462,-0.001200924585190956
4,0.0063999999999999994,0.22,4410.857,42.05495253992705,8000,6,7,4349.73225,40.557796059884055,0.014052531624216628
4,0.0062,0.22,4553.09875,42.79531807883297,8000,7,9,4536.3265,42.274539129371874,0.0036973198467967383
4,0.006,0.22,4783.198875,45.819030073268394,8000,5,6,4651.708,43.142264998367885,0.028267224640927683
4,0.0058,0.22,4790.989125,43.906942190741994,8000,9,13,4807.313875,44.47612936900975,-0.0033958152982053345
4,0.0056,0.22,5249.078375,50.881690524641336,8000,4,5,5004.2865,47.418459836005546,0.04891643893689937
4,0.0054,0.22,5354.556625,51.17669094023567,8000,5,6,5103.47275,46.980419048167526,0.04919863146129276
4,0.0052,0.22,5532.68775,52.60422464284619,8000,5,6,5431.20075,51.5157155280015,0.018685923181904127
4,0.005,0.22,5804.120625,54.85827710694822,8000,5,6,5607.3845,52.50217530412599,0.03508518543716762
4,0.015,0.24000000000000002,1620.00325,15.236597645132415,8000,5,6,1590.56425,14.72134763149261,0.018508526140959148
4,0.0148,0.24000000000000002,1619.91725,14.967324649088045,8000,9,11,1571.179125,14.522793095288707,0.031020094542052835
4,0.014599999999999998,0.24000000000000002,1661.382875,15.353192347387358,8000,7,10,1606.493,15.02987555196361,0.034167515824843356
4,0.0144,0.24000000000000002,1656.763375,15.611692750684306,8000,7,8,1645.603625,15.421874430994214,0.006781554093866335
4,0.0142,0.24000000000000002,1713.236,16.09407821765383,8000,5,13,1682.533,15.648977138684206,0.018248081909834877
4,0.013999999999999999,0.24000000000000002,1736.8875,16.591560354472186,8000,5,6,1690.577,15.23851758800409,0.027393310094719167
4,0.0138,0.24000000000000002,1725.47875,15.939904092563252,8000,8,8,1721.852875,16.27380595366159,0.0021057983830354557
4,0.013600000000000001,0.24000000000000002,1783.96825,16.83413114298328,8000,5,6,1755.70975,16.195865926325308,0.016095200245940373
4,0.013399999999999999,0.24000000000000002,1791.97,16.977920537185078,8000,6,6,1777.165625,16.29149543671837,0.008330329369273016
4,0.0132,0.24000000000000002,1812.41625,17.112457203845285,8000,8,8,1813.454625,16.781286705824336,-0.0005725949718758954
4,0.013000000000000001,0.24000000000000002,1873.656125,17.593564598100397,8000,5,5,1857.667625,17.346124642632635,0.00860676031860109
4,0.012799999999999999,0.24000000000000002,1855.85075,17.680246720735205,8000,9,10,1879.47275,17.428521646012474,-0.012568418456718697
4,0.0126,0.24000000000000002,1947.002875,18.595467890533172,8000,5,7,1883.55675,17.03099651048632,0.033684212063161856
4,0.0124,0.24000000000000002,1951.42275,18.18535097534735,8000,6,7,1913.292375,18.09879980549905,0.019929194041762674
4,0.012199999999999999,0.24000000000000002,1955.18675,18.1993494052439,8000,6,6,1951.201,17.98507845460376,0.0020427162552704987
4,0.012,0.24000000000000002,2037.81875,19.119098508841322,8000,6,7,2019.166125,18.682921279624026,0.009237786217317778
4,0.0118,0.24000000000000002,2035.49575,19.422467448240567,8000,6,6,2027.448125,18.745452442013235,0.003969337069968265
4,0.0116,0.24000000000000002,2079.171625,19.505228226516692,8000,6,9,2016.323875,18.269455266837223,0.031169471719913997
4,0.0114,0.24000000000000002,2108.08125,19.78052796371017,8000,6,7,2093.324,19.185458876308818,0.007049673151409009
4,0.0112,0.24000000000000002,2160.351625,20.538058299847833,8000,5,11,2106.58975,19.310713370742626,0.02552080916561931
4,0.011,0.24000000000000002,2179.943,20.480477617308004,8000,7,8,2165.02475,20.488463823537643,0.006890567879189451
4,0.0108,0.24000000000000002,2250.67825,20.87649739201447,8000,4,9,2200.23775,20.43730409347557,0.02292502253449663
4,0.010599999999999998,0.24000000000000002,2313.080875,22.086411636776877,8000,4,6,2240.719625,20.476056948980187,0.03229375473515564
4,0.0104,0.24000000000000002,2370.719125,22.421280527115055,8000,5,6,2276.0595,21.186880362942958,0.04158925766220094
4,0.0102,0.24000000000000002,2405.922625,22.94336896596601,8000,5,7,2327.50975,21.4290678725908,0.033689601085451944
4,0.009999999999999998,0.24000000000000002,2426.897125,22.61033513627316,8000,5,7,2409.208375,22.43406707671522,0.0073421420013118615
4,0.0098,0.24000000000000002,2449.537375,23.194017212924713,8000,7,7,2445.93,22.912901825227344,0.0014748480128213184
4,0.009600000000000001,0.24000000000000002,2549.84,23.930080456928774,8000,5,6,2489.88275,23.60636763300122,0.024080350771537303
4,0.009399999999999999,0.24000000000000002,2568.611625,24.07658791265224,8000,6,6,2556.39425,23.837120114598303,0.004779143514346496
4,0.0092,0.24000000000000002,2609.031,24.399700951537103,8000,6,11,2601.1175,24.47915732014905,0.0030423462223448626
4,0.009000000000000001,0.24000000000000002,2675.576625,25.504314596852197,8000,6,7,2624.465875,24.333394204027964,0.019474724547523515
4,0.008799999999999999,0.24000000000000002,2778.97975,25.9261375556804,8000,5,8,2687.009125,24.518612741554385,0.03422787966899812
4,0.0086,0.24000000000000002,2821.22175,26.39966378828306,8000,7,10,2766.923625,25.460253052005715,0.019624005704169105
4,0.0084,0.24000000000000002,2881.202875,26.75104739655895,8000,6,7,2824.407125,26.148035797766713,0.02010891046736039
4,0.008199999999999999,0.24000000000000002,2928.041625,26.87462532094285,8000,8,9,2886.228875,26.97475382089921,0.014486983469043166
4,0.008,0.24000000000000002,3102.843,28.82790098146238,8000,5,6,2901.01625,26.62189502970466,0.06957105117904794
4,0.0078,0.24000000000000002,3168.05175,29.818271753453242,8000,4,6,3008.57825,28.132612270948385,0.053006266331946016
4,0.0076,0.24000000000000002,3256.2515,31.503751952912012,8000,4,5,3139.227375,28.93767867152725,0.037278002202691646
4,0.0074,0.24000000000000002,3277.116875,30.6054063016449,8000,6,7,3208.179875,30.364551217230694,0.021487884933509335
4,0.0072,0.24000000000000002,3320.01425,30.979404299041285,8000,7,7,3332.5975,30.162321745529702,-0.003775808509728427
4,0.007,0.24000000000000002,3441.815375,32.49507863685712,8000,6,9,3374.462625,31.623200469376588,0.019959548374017037
4,0.0068000000000000005,0.24000000000000002,3573.04825,33.74379080075241,8000,5,6,3527.453875,32.57051904969748,0.012925576525079203
4,0.0066,0.24000000000000002,3696.685125,35.29449835286428,8000,5,6,3637.46875,33.451115410953925,0.016279555666285785
4,0.0063999999999999994,0.24000000000000002,3834.579875,36.588891883977716,8000,5,6,3745.214625,34.38202000521266,0.02386118258843439
4,0.0062,0.24000000000000002,3850.02,36.05071976785932,8000,7,7,3835.52,35.72416344883761,0.0037804521942265976
4,0.006,0.24000000000000002,4061.838125,38.293142533024984,8000,5,6,3979.086,36.64585047913225,0.02079676714702835
4,0.0058,0.24000000000000002,4139.13125,37.956859801588294,8000,9,11,4110.47725,37.612144629687236,0.006970966692493055
4,0.0056,0.24000000000000002,4296.827875,40.14851997373949,8000,6,7,4250.95575,39.20510328056026,0.010791014467746428
4,0.0054,0.24000000000000002,4535.452,42.33483383449112,8000,6,8,4378.700125,40.535775637556455,0.035798723485317444
4,0.0052,0.24000000000000002,4579.037875,42.33794680813893,8000,7,9,4587.541625,42.72084327748824,-0.0018536616547865884
4,0.005,0.24000000000000002,4878.739125,46.82277731383068,8000,5,6,4746.901375,43.667135356736495,0.027773433569598795
4,0.015,0.26,1391.245125,12.804558537675552,8000,6,8,1368.902875,12.371460242329228,0.016321282107030363
4,0.0148,0.26,1423.5035,12.905440704105756,8000,5,6,1401.224,12.716022077439714,0.01590002740461204
4,0.014599999999999998,0.26,1416.406,12.90526178514864,8000,8,9,1410.27225,12.669513911170206,0.004349337512668184
4,0.0144,0.26,1440.24675,13.162776088219317,8000,8,8,1434.261,13.11026221421756,0.004173403585539907
4,0.0142,0.26,1472.776,13.53659102613454,8000,6,7,1444.2345,13.287189850208478,0.019762372384817036
4,0.013999999999999999,0.26,1474.771125,13.665674928047249,8000,6,6,1472.18475,13.64338758172866,0.0017568277351059976
4,0.0138,0.26,1508.773125,13.971031741520815,8000,6,6,1502.9895,13.785067256904425,0.003848080775015414
4,0.013600000000000001,0.26,1526.6335,14.17540949987089,8000,5,8,1511.08125,14.048133070764294,0.010292133530212197
4,0.013399999999999999,0.26,1580.98025,14.68934716908052,8000,5,8,1560.03175,14.18388061635142,0.01342825234165905
4,0.0132,0.26,1559.28125,14.338321124486237,8000,7,8,1572.985,14.381525203982159,-0.008711939401837844
4,0.013000000000000001,0.26,1661.527375,15.75535180447065,8000,4,5,1599.833375,14.317433387787784,0.03856276595054779
4,0.012799999999999999,0.26,1656.401125,15.891958433499418,8000,5,6,1610.871125,14.663410210943637,0.02826421014902741
4,0.0126,0.26,1633.60275,15.146611625154653,8000,6,6,1640.186625,14.751991144371125,-0.004014101139253001
4,0.0124,0.26,1671.176,15.821102146528585,8000,5,5,1663.938625,15.232483281646148,0.004349544443083006
4,0.012199999999999999,0.26,1716.1155,16.33689526637748,8000,5,7,1689.6975,15.372983870360157,0.015634751190671776
4,0.012,0.26,1725.25925,16.01085955653684,8000,11,11,1728.379375,15.71529763192249,-0.0018052315626596253
4,0.0118,0.26,1771.94775,16.44947866335068,8000,5,7,1766.92375,16.107083061733643,0.002843359822403267
4,0.0116,0.26,1782.703875,16.72526583197609,8000,6,6,1773.699375,16.624891975336265,0.0050766776641616666
4,0.0114,0.26,1829.5865,17.143015746239872,8000,5,6,1804.87,16.55270243818969,0.01369433809637259
4,0.0112,0.26,1854.078125,17.533227349566793,8000,9,12,1874.84375,17.121361338252328,-0.011075922993582798
4,0.011,0.26,1889.124375,17.578954560600664,8000,6,9,1846.123625,16.903798990582608,0.023292454209289562
4,0.0108,0.26,1930.908375,18.186372982751834,8000,6,6,1937.52575,17.714997020379265,-0.003415373963417022
4,0.010599999999999998,0.26,1989.352125,18.572854305073918,8000,6,6,1973.891375,18.271957061951802,0.00783262452828741
4,0.0104,0.26,2010.288125,18.742895947556654,8000,5,6,1951.087375,18.151262986665078,0.03034243917446289
4,0.0102,0.26,2061.1815,19.20446859025128,8000,5,6,2016.593,18.47379398859819,0.022110807684049317
4,0.009999999999999998,0.26,2098.18625,19.539423315839098,8000,5,14,2065.791125,18.70978909289244,0.015681704025134684
4,0.0098,0.26,2165.097875,20.35258865802016,8000,5,7,2122.537125,19.369244661351942,0.020051828304298847
4,0.009600000000000001,0.26,2125.520125,19.52757144844072,8000,9,14,2122.895875,19.425436761905686,0.0012361651981634978
4,0.009399999999999999,0.26,2219.94575,20.482337661730128,8000,6,9,2173.55825,20.19150654837211,0.02134173307754684
4,0.0092,0.26,2255.6095,20.50243590752661,8000,12,12,2244.63875,20.46459149743037,0.00488753479819412
4,0.009000000000000001,0.26,2316.051375,21.405361334778615,8000,6,6,2298.09675,20.862984127834384,0.007812823807352693
4,0.008799999999999999,0.26,2344.86725,21.531190178517598,8000,10,13,2309.130125,20.955593396624113,0.015476444836559243
4,0.0086,0.26,2434.64225,22.785985382041215,8000,5,5,2431.13775,22.153827972324457,0.0014415061425458132
4,0.0084,0.26,2506.391,23.879360670448836,8000,5,5,2508.956125,23.0921614599004,-0.0010223873484436002
4,0.008199999999999999,0.26,2539.562125,23.750759025883756,8000,6,9,2510.952625,23.18484601850827,0.011393882829629264
4,0.008,0.26,2583.319,23.960235100591866,8000,10,10,2568.49275,23.906201829842622,0.005772354233820622
4,0.0078,0.26,2732.190125,25.658997183283333,8000,4,6,2669.1635,25.030113317113692,0.023612875344653846
4,0.0076,0.26,2730.454625,25.223157767537938,8000,6,6,2734.119375,25.13810990233273,-0.0013403767346480133
4,0.0074,0.26,2830.508625,26.150574579553815,8000,6,7,2778.31975,25.48211184717166,0.01878432998937571
4,0.0072,0.26,2860.4595,26.96326552586771,8000,10,13,2867.61725,26.17788089554476,-0.002496061843678703
4,0.007,0.26,2966.215,27.214395429151036,8000,8,11,2927.94375,27.011100411755237,0.013071033212301375
4,0.0068000000000000005,0.26,3057.166,28.430976168388696,8000,5,7,2973.09075,26.99412379686549,0.028278736530326337
4,0.0066,0.26,3117.044,28.252853801788646,8000,10,10,3139.077375,28.814412758137866,-0.00701906081560031
4,0.0063999999999999994,0.26,3277.047875,30.937650791692096,8000,5,11,3211.2275,29.021944481730653,0.020496951710833395
4,0.0062,0.26,3436.80475,33.01235190520692,8000,4,7,3336.99875,29.955567872569627,0.029908911413287036
4,0.006,0.26,3578.4005,33.65613701681806,8000,4,10,3401.319125,30.800422977695938,0.052062558228787255
4,0.0058,0.26,3579.143375,33.60338749426853,8000,5,5,3598.15275,33.030494464362015,-0.005283092831453609
4,0.0056,0.26,3671.28275,34.05864904630925,8000,7,8,3712.376875,33.6647278407624,-0.01106949169863043
4,0.0054,0.26,3854.83175,35.36690706023243,8000,6,10,3851.309375,35.27187884552899,0.0009145915471929625
4,0.0052,0.26,4022.789875,37.29612121400846,8000,5,7,3955.20625,35.94361784556607,0.01708725682763061
4,0.005,0.26,4100.05925,37.67999802944351,8000,10,10,4124.781875,37.76204475407564,-0.005993680574927232
4,0.015,0.28,1217.109,11.07473590201082,8000,5,5,1210.335625,10.95667640492945,0.005596278305036248
4,0.0148,0.28,1232.502375,11.298549877770265,8000,6,6,1231.0065,11.357604372373325,0.00121516417663113
4,0.014599999999999998,0.28,1256.542875,11.515980278581972,8000,5,7,1238.651,11.410945772494182,0.014444645828405277
4,0.0144,0.28,1246.15225,11.330539129311646,8000,6,8,1259.893875,11.373245961389951,-0.010906970239854437
4,0.0142,0.28,1287.955625,11.937433874075268,8000,5,5,1278.37225,11.52147405279749,0.0074965449226546965
4,0.013999999999999999,0.28,1325.304625,12.276433614862002,8000,4,10,1294.2155,11.669477350182486,0.024021598412320024
4,0.0138,0.28,1350.85375,12.350600558247598,8000,4,5,1316.555,11.881974644111367,0.026051893008647513
4,0.013600000000000001,0.28,1328.210625,12.2312137779361,8000,6,6,1322.61525,12.078022753647817,0.004230538699746488
4,0.013399999999999999,0.28,1379.006,12.91534392603778,8000,6,7,1345.8035,12.408797978425525,0.024671135124852996
4,0.0132,0.28,1366.15125,12.394032196270508,8000,9,9,1360.254875,12.203804639903405,0.004334757484327933
4,0.013000000000000001,0.28,1422.20125,13.140291125957372,8000,5,6,1380.094125,12.711686646757826,0.030510328416911415
4,0.012799999999999999,0.28,1410.01225,13.088579686926302,8000,6,6,1420.71625,13.074652642506702,-0.007534227893852803
4,0.0126,0.28,1447.363375,12.931574583673205,8000,7,10,1426.798625,12.944517570714291,0.01441321125467163
4,0.0124,0.28,1494.73125,13.905675234536284,8000,5,6,1469.47625,13.300545319843765,0.01718639549295207
4,0.012199999999999999,0.28,1511.19025,13.85764073314622,8000,5,6,1477.759375,13.600950730028812,0.022622678336924787
4,0.012,0.28,1528.518125,14.144833764239253,8000,6,6,1528.235375,13.8264572712711,0.00018501731122411573
4,0.0118,0.28,1523.332875,14.051088882040448,8000,7,7,1521.662375,13.987159863046688,0.00109781251573625
4,0.0116,0.28,1606.936625,14.839008468100747,8000,4,5,1575.25975,14.25030094465969,0.02010898520069475
4,0.0114,0.28,1601.844875,14.620020597042144,8000,6,10,1560.302375,14.083619500072514,0.026624647033559774
4,0.0112,0.28,1620.4285,14.828242208302784,8000,7,9,1621.8155,14.741717234547226,-0.0008552144186560948
4,0.011,0.28,1667.706625,15.428340539806614,8000,6,6,1660.670375,14.974966354677075,0.004236993750189654
4,0.0108,0.28,1699.141625,15.854276930509746,8000,5,5,1686.08375,15.419796969417739,0.007744499643033726
4,0.010599999999999998,0.28,1740.334375,16.461610759761502,8000,5,7,1682.217375,15.326238722230904,0.034547853840827175
4,0.0104,0.28,1760.42,15.858706589065982,8000,7,9,1738.060875,15.879540434249181,0.012864408445993111
4,0.0102,0.28,1832.69675,16.724972928823036,8000,5,6,1787.980625,16.3427788857622,0.025009289460281567
4,0.009999999999999998,0.28,1847.02825,16.741787761688546,8000,6,8,1782.129125,16.43320241764152,0.036416623290414014
4,0.0098,0.28,1865.71675,17.009106425753384,8000,5,7,1848.851875,16.794409364130203,0.009121809717720076
4,0.009600000000000001,0.28,1897.313875,16.954920967828595,8000,8,13,1851.589,16.854152513312343,0.02469493769945712
4,0.009399999999999999,0.28,1916.911125,17.2915196940204,8000,11,11,1910.849375,17.349141357149854,0.003172280389708935
4,0.0092,0.28,1967.261625,17.71460494339932,8000,8,11,1945.460375,17.24117935240844,0.01120621642062485
4,0.009000000000000001,0.28,2036.214875,18.787405894887385,8000,6,9,1978.45975,17.914731580243984,0.029191963596934385
4,0.008799999999999999,0.28,2062.375375,19.629612414672636,8000,5,5,2077.22725,18.582610705401656,-0.007149855654936087
4,0.0086,0.28,2131.319625,19.668852534606867,8000,6,7,2084.150375,18.669432079794706,0.02263236403947096
4,0.0084,0.28,2164.793375,19.59459048805787,8000,9,10,2137.480375,19.42049753993689,0.01277812901557054
4,0.008199999999999999,0.28,2231.401125,21.054889166715995,8000,5,6,2197.32475,19.48769501119324,0.015508119589514313
4,0.008,0.28,2257.157,20.438460920179953,8000,6,15,2255.05975,20.289596721334345,0.000930019703469169
4,0.0078,0.28,2319.519125,21.156978738212967,8000,7,9,2315.1,21.01316434278669,0.0019088268325341863
4,0.0076,0.28,2364.530125,21.807259132263006,8000,6,8,2339.575625,20.956585649751474,0.010666250636800972
4,0.0074,0.28,2448.792875,22.747117946838678,8000,6,8,2387.042375,21.653389087618418,0.025869042228460693
4,0.0072,0.28,2536.895625,23.037440240382853,8000,9,13,2551.562875,23.26848072901455,-0.005748339632822086
4,0.007,0.28,2653.168875,24.754005065779335,8000,4,5,2593.063875,23.711925607067897,0.023179143629849852
4,0.0068000000000000005,0.28,2677.28325,24.719980105766336,8000,5,6,2629.403625,24.134528845992822,0.018209309725128273
4,0.0066,0.28,2751.237125,25.543841919963718,8000,6,6,2775.833875,25.688714782941855,-0.008861030993794506
4,0.0063999999999999994,0.28,2823.3315,25.859655627533318,8000,6,6,2814.508875,25.265510083340406,0.0031346943256662456
4,0.0062,0.28,2936.051125,26.91252285855473,8000,5,5,2933.719625,26.748206499024786,0.0007947248878630582
4,0.006,0.28,3083.287625,28.51592039241563,8000,5,6,2991.591875,27.067771826197244,0.030651156251051075
4,0.0058,0.28,3104.35225,28.300169132650236,8000,7,7,3125.23625,28.3449317451365,-0.006682374812464182
4,0.0056,0.28,3267.025125,30.045986221710564,8000,6,6,3252.53325,29.123458697394906,0.004455565519583901
4,0.0054,0.28,3397.571125,31.297517981309287,8000,5,7,3352.067625,29.85001676884571,0.01357475596871343
4,0.0052,0.28,3507.573875,31.976019583276923,8000,6,15,3416.459375,30.97834602694714,0.026669276581109687
4,0.005,0.28,3602.298875,32.5959353165734,8000,8,8,3585.506375,32.874440575663264,0.004683438890831708
4,0.015,0.30000000000000004,1065.77225,9.761603524993452,8000,5,5,1063.58725,9.478756197785753,0.0020543683651716824
4,0.0148,0.30000000000000004,1078.8575,9.74852669456047,8000,5,10,1076.295,9.635174492857589,0.002380852833098732
4,0.014599999999999998,0.30000000000000004,1102.142375,10.055902503502105,8000,5,5,1095.757375,9.80629693562827,0.0058270198728984065
4,0.0144,0.30000000000000004,1127.47625,10.531887009398625,8000,5,8,1104.5805,9.854015284942136,0.020728004885112408
4,0.0142,0.30000000000000004,1138.61425,10.385293937084166,8000,5,7,1136.572,10.222763691655839,0.0017968505294870846
4,0.013999999999999999,0.30000000000000004,1167.2025,10.690203306886243,8000,5,8,1147.237,10.30817793133966,0.017403117228611018
4,0.0138,0.30000000000000004,1170.211375,10.777946877098712,8000,5,8,1153.9645,10.4516605002325,0.014079180945341078
4,0.013600000000000001,0.30000000000000004,1164.94225,10.399560076421025,8000,6,8,1166.397625,10.465373406560191,-0.001247752026244055
4,0.013399999999999999,0.30000000000000004,1204.733375,10.992998070036885,8000,5,6,1179.53875,10.619677664318086,0.02135972641848357
4,0.0132,0.30000000000000004,1229.8955,10.991906314046297,8000,5,7,1195.107375,10.61616275872154,0.029108786145680035
4,0.013000000000000001,0.30000000000000004,1240.106,11.302628159068261,8000,10,11,1220.66925,10.884797979472859,0.015923027470381577
4,0.012799999999999999,0.30000000000000004,1273.84125,11.851388772598956,8000,4,5,1256.16,11.408753959772046,0.014075635269392324
4,0.0126,0.30000000000000004,1266.912,11.329415628765288,8000,8,9,1261.1155,11.248581359122262,0.00459632761630471
4,0.0124,0.30000000000000004,1315.123,12.13379518048909,8000,5,8,1288.641,11.446642793851447,0.020550331706037577
4,0.012199999999999999,0.30000000000000004,1308.791875,11.837973742797582,8000,5,9,1312.79225,11.582342590122973,-0.003047226246194001
4,0.012,0.30000000000000004,1354.147875,12.339398663515585,8000,6,7,1334.517625,11.845104583180904,0.014709622137811901
4,0.0118,0.30000000000000004,1370.9135,12.763709516870385,8000,5,6,1359.572125,12.18845686002033,0.00834187079262176
4,0.0116,0.30000000000000004,1373.385625,12.210859943708533,8000,7,16,1366.785,12.196119875369249,0.004829307462402506
4,0.0114,0.30000000000000004,1413.882625,12.845404765769867,8000,6,9,1385.727125,12.290063527478935,0.020318213804178854
4,0.0112,0.30000000000000004,1430.0555,12.967193321139206,8000,5,8,1418.471625,12.616954220802802,0.008166448165644508
4,0.011,0.30000000000000004,1459.19125,13.339932609581775,8000,7,10,1454.3945,13.157389271395129,0.0032981079067611807
4,0.0108,0.30000000000000004,1475.911375,13.348210538987999,8000,11,11,1482.05375,13.19369236666334,-0.004144502181516783
4,0.010599999999999998,0.30000000000000004,1515.270375,13.625570280211305,8000,5,5,1527.691,13.82517736006503,-0.008130325438848545
4,0.0104,0.30000000000000004,1542.850125,13.84480615190164,8000,7,7,1544.5905,13.659005216263225,-0.001126754955439701
4,0.0102,0.30000000000000004,1563.667,14.034130473506131,8000,19,19,1556.197125,14.131125558834183,0.0048000827658642555
4,0.009999999999999998,0.30000000000000004,1604.004,14.475313220604393,8000,7,7,1605.232125,14.348584179331665,-0.0007650762658391795
4,0.0098,0.30000000000000004,1661.17975,15.071758312687729,8000,5,6,1624.60825,14.302577066706748,0.022510965335797117
4,0.009600000000000001,0.30000000000000004,1652.321875,14.851774588748308,8000,8,8,1664.057125,14.767988436116577,-0.007052191792995058
4,0.009399999999999999,0.30000000000000004,1713.561,15.43441903190663,8000,7,10,1691.406625,14.963624946652521,0.013098195710330652
4,0.0092,0.30000000000000004,1749.52775,16.014068481413712,8000,6,6,1747.408875,15.474619552256048,0.0012125811138505801
4,0.009000000000000001,0.30000000000000004,1798.313375,16.38178234432187,8000,5,6,1733.832125,15.34057366774235,0.037190019189429914
4,0.008799999999999999,0.30000000000000004,1860.302,16.941739241900983,8000,5,6,1793.439875,15.580854322719318,0.03728149793703002
4,0.0086,0.30000000000000004,1897.157,17.620766695578048,8000,5,7,1844.18725,16.436128727079296,0.028722544307797367
4,0.0084,0.30000000000000004,1932.39575,17.837662603810738,8000,4,8,1874.42275,16.810172873123815,0.030928455173732796
4,0.008199999999999999,0.30000000000000004,1973.829625,18.079473542912375,8000,5,5,1961.638875,17.340638749646665,0.006214574025507106
4,0.008,0.30000000000000004,1997.625125,17.843407975888212,8000,6,6,2003.074,17.811042015740146,-0.0027202564658120685
4,0.0078,0.30000000000000004,2060.704625,19.18522628966881,8000,5,11,2049.211625,18.369129795390755,0.005608498341404802
4,0.0076,0.30000000000000004,2164.043375,19.91077958320323,8000,4,5,2087.090375,18.91995782983422,0.036870947670390154
4,0.0074,0.30000000000000004,2204.3065,20.055931240644497,8000,5,5,2193.456875,19.918112890223004,0.0049463589294411305
4,0.0072,0.30000000000000004,2235.60725,19.937849363975726,8000,8,11,2188.5335,19.69250270261643,0.02150926636489687
4,0.007,0.30000000000000004,2286.90175,20.956838155815714,8000,5,5,2285.223875,20.365597139544654,0.0007342278445256738
4,0.0068000000000000005,0.30000000000000004,2351.45875,21.186892646806612,8000,7,7,2369.54475,21.26055162164394,-0.007632689781444406
4,0.0066,0.30000000000000004,2468.25675,22.21709834096852,8000,6,7,2412.536,21.712770020877056,0.023096339287786774
4,0.0063999999999999994,0.30000000000000004,2492.099125,22.312228242962423,8000,7,8,2509.289,22.36625843973907,-0.006850496295962732
4,0.0062,0.30000000000000004,2603.93575,23.667165072560202,8000,6,6,2586.49525,22.74567572430415,0.006742908188213436
4,0.006,0.30000000000000004,2725.339375,24.81147749937343,8000,5,6,2638.57575,23.52409620039626,0.03288274933929793
4,0.0058,0.30000000000000004,2738.555625,24.594800649412782,8000,13,13,2738.12875,24.922088996744936,0.00015590026582939503
4,0.0056,0.30000000000000004,2880.9745,26.174746041461617,8000,6,7,2853.528625,25.27023359517222,0.00961822312190749
4,0.0054,0.30000000000000004,2969.687,27.06445076173733,8000,6,6,2990.49125,27.38030252387137,-0.006956800157833646
4,0.0052,0.30000000000000004,3082.913875,27.850656605322683,8000,6,6,3060.996125,27.32694162325997,0.00716033248817003
4,0.005,0.30000000000000004,3232.457125,30.24449581677827,8000,5,6,3174.19925,28.435084442631556,0.018353565863894583
4,0.015,0.32,952.6405,8.457299873340911,8000,7,7,949.979875,8.361229125197953,0.0028007172257201573
4,0.0148,0.32,963.325125,8.626531108357648,8000,7,7,958.470375,8.493125486996066,0.005065101777402319
4,0.014599999999999998,0.32,989.917,9.040181075238989,8000,5,6,960.1165,8.630947208139002,0.031038420858302152
4,0.0144,0.32,997.529125,8.793044605931271,8000,5,6,991.451,8.662177015332556,0.006130534943229671
4,0.0142,0.32,999.8265,8.93436986874775,8000,7,7,1003.530625,8.846359326266928,-0.003691093134302679
4,0.013999999999999999,0.32,1022.66475,9.103475654086893,8000,10,13,1010.193625,8.886158991347013,0.012345281826540955
4,0.0138,0.32,1050.317875,9.338413250470614,8000,6,6,1052.356125,9.171696670803374,-0.0019368443358469185
4,0.013600000000000001,0.32,1042.094625,9.17148560293856,8000,9,11,1045.883,9.304695636961322,-0.0036221785802045612
4,0.013399999999999999,0.32,1072.494125,9.712719459456132,8000,5,5,1073.787625,9.440267654940035,-0.0012046143668306799
4,0.0132,0.32,1098.28075,9.714979551619795,8000,4,7,1063.758875,9.528697232273405,0.03245272571756443
4,0.013000000000000001,0.32,1108.217125,9.833414677618073,8000,8,9,1086.8375,9.619152076914244,0.01967140901928743
4,0.012799999999999999,0.32,1122.63025,9.945789391820313,8000,6,7,1086.781625,9.646337634156236,0.03298604261918751
4,0.0126,0.32,1146.279125,10.40447072762087,8000,4,4,1139.648625,10.156807984112403,0.00581802132214215
4,0.0124,0.32,1150.6625,10.288648736815366,8000,7,7,1152.199375,10.19224806406325,-0.001333862032341416
4,0.012199999999999999,0.32,1173.848125,10.32821941136996,8000,6,8,1174.039,10.474836037911412,-0.0001625797780141933
4,0.012,0.32,1213.121875,10.9672566375988,8000,4,5,1175.493375,10.331500186639255,0.03201081418259803
4,0.0118,0.32,1207.60125,10.663793713981505,8000,7,8,1196.151875,10.684090006220964,0.0095718405323738
4,0.0116,0.32,1226.13225,10.93175967582271,8000,5,7,1234.139625,11.005312218861024,-0.006488224539423495
4,0.0114,0.32,1228.04575,10.895283538705671,8000,9,9,1231.072,10.614005609812708,-0.002458223402043009
4,0.0112,0.32,1271.351375,11.555517464043264,8000,5,7,1285.547375,11.656000319572852,-0.011042766899197424
4,0.011,0.32,1289.16575,11.434508591122631,8000,10,10,1288.22025,11.558025224313967,0.0007339583429152047
4,0.0108,0.32,1330.361625,11.910941676059714,8000,5,6,1321.13975,11.78993138339852,0.006980241870702894
4,0.010599999999999998,0.32,1348.918,12.219428346669492,8000,6,6,1347.36375,11.992345611051203,0.0011535489209947283
4,0.0104,0.32,1388.76425,12.274626279301918,8000,5,6,1364.863125,12.140447792723927,0.017511737669665493
4,0.0102,0.32,1412.636625,12.540226752937048,8000,5,6,1397.6325,12.34029721774952,0.010735386448154404
4,0.009999999999999998,0.32,1414.99825,12.91189473180884,8000,6,9,1401.404625,12.539786588102709,0.009700000098115991
4,0.0098,0.32,1477.6195,13.434598136187546,8000,6,7,1447.38475,12.679997194382018,0.020889227967891798
4,0.009600000000000001,0.32,1496.178125,13.74239790368946,8000,5,7,1451.127,12.80865259405861,0.03104561144544892
4,0.009399999999999999,0.32,1514.906625,13.281558665621185,8000,7,9,1533.965875,13.526452540433565,-0.012424820076261486
4,0.0092,0.32,1552.38325,14.065182232958643,8000,11,12,1525.5,13.489917232960291,0.01762258275975096
4,0.009000000000000001,0.32,1601.544125,14.611401343865925,8000,4,7,1608.131875,14.492711283022224,-0.004096523489406079
4,0.008799999999999999,0.32,1658.38275,15.11175894279345,8000,4,5,1611.541375,14.369836485624727,0.029066194468634086
4,0.0086,0.32,1663.125,14.639382516202039,8000,6,6,1667.978125,14.60347918092069,-0.0029095855198940875
4,0.0084,0.32,1692.85975,14.9578703790689,8000,6,8,1693.037125,14.959357055494765,-0.00010476734229911445
4,0.008199999999999999,0.32,1715.70325,15.339647235459596,8000,9,9,1720.46125,15.36949716846508,-0.0027655374394512156
4,0.008,0.32,1790.46775,16.13928296953085,8000,7,10,1785.732625,15.892001911772999,0.0026516427676287345
4,0.0078,0.32,1829.968125,16.384906715202295,8000,5,5,1839.16175,16.373686028125604,-0.004998812638420674
4,0.0076,0.32,1876.6445,16.77455704941994,8000,7,7,1880.00275,16.800550495963684,-0.0017863005785496845
4,0.0074,0.32,1945.846875,17.417921430471736,8000,11,11,1931.95375,17.566835151102786,0.00719123063893225
4,0.0072,0.32,1987.18125,18.05129070348745,8000,5,9,1943.309875,16.830502341030762,0.02257559412649008
4,0.007,0.32,2069.684875,19.06521331076517,8000,4,6,2071.41225,18.094292908904354,-0.000833911743063187
4,0.0068000000000000005,0.32,2116.471625,18.759505824560122,8000,7,8,2078.2845,18.280671431041995,0.01837434913266202
4,0.0066,0.32,2158.530125,19.2290712871327,8000,8,10,2136.461125,19.04665168877882,0.010329698837838866
4,0.0063999999999999994,0.32,2261.561375,20.328202476175253,8000,5,7,2201.02975,19.47864840138582,0.02750150242176421
4,0.0062,0.32,2281.61925,20.542597930456516,8000,6,6,2289.53575,20.686475328047777,-0.0034576878740591034
4,0.006,0.32,2436.617125,22.446999913927446,8000,4,5,2363.07625,21.24091974485081,0.03112082185244769
4,0.0058,0.32,2458.64525,22.32392416008648,8000,5,5,2445.65175,21.352850127911854,0.005312898698680235
4,0.0056,0.32,2547.80875,22.485770021079105,8000,9,9,2561.324125,22.8353295577653,-0.005276714051174585
4,0.0054,0.32,2619.10775,23.479565415037012,8000,7,9,2630.0025,22.982660659545985,-0.004142486556571688
4,0.0052,0.32,2747.93325,24.857499956246887,8000,6,6,2732.217,24.34762503819931,0.005752196842344494
4,0.005,0.32,2811.167625,24.707050610925695,8000,7,10,2845.491875,25.242533031838963,-0.012062677212880854
4,0.015,0.33999999999999997,859.96925,7.656327480464489,8000,5,6,842.765,7.4101704151336945,0.020414053739773248
4,0.0148,0.33999999999999997,883.650375,8.007259412094845,8000,4,6,851.545125,7.5633453631380645,0.03770234724789255
4,0.014599999999999998,0.33999999999999997,871.436125,7.701658475721812,8000,6,6,867.051125,7.6161434766282055,0.005057371905261055
4,0.0144,0.33999999999999997,898.36475,8.200644704312918,8000,4,7,873.87875,7.573831766154266,0.02801990550748601
4,0.0142,0.33999999999999997,907.18825,8.163332609229107,8000,5,6,897.077125,7.902801753589443,0.01127118808207267
4,0.013999999999999999,0.33999999999999997,930.0045,8.18057304880866,8000,5,8,919.958625,8.165562098437352,0.010919920447509283
4,0.0138,0.33999999999999997,954.304,8.505971943601635,8000,4,7,920.2165,8.075206797604118,0.03704291327095306
4,0.013600000000000001,0.33999999999999997,936.781,8.174007714557144,8000,6,8,935.103375,8.400428224821114,0.001794052983714149
4,0.013399999999999999,0.33999999999999997,962.52,8.577770811464465,8000,6,9,948.87175,8.324558309025905,0.014383661437912934
4,0.0132,0.33999999999999997,976.135125,8.516093516212491,8000,6,8,977.538,8.537478011221992,-0.0014351104509492158
4,0.013000000000000001,0.33999999999999997,994.362,8.908701067360408,8000,5,7,965.234,8.383862917842714,0.030177138393384328
4,0.012799999999999999,0.33999999999999997,1017.31975,9.06339585678565,8000,4,7,1011.53075,9.076379600514528,0.005723009409254229
4,0.0126,0.33999999999999997,1024.8425,8.995225688726084,8000,5,5,1019.89125,8.908710616569937,0.00485468426167982
4,0.0124,0.33999999999999997,1038.37,9.330728872596811,8000,4,4,1044.375875,9.199997199669808,-0.005750683392605234
4,0.012199999999999999,0.33999999999999997,1049.379375,9.398946906785394,8000,6,7,1041.448875,9.075107519767533,0.0076148721174622595
4,0.012,0.33999999999999997,1070.924125,9.275644193890228,8000,7,8,1055.69625,9.217386110583691,0.014424485262688051
4,0.0118,0.33999999999999997,1094.743125,9.60912910499952,8000,8,8,1086.879625,9.410591741302595,0.007234931835252621
4,0.0116,0.33999999999999997,1089.944375,9.559375806287415,8000,6,6,1099.40725,9.489808932619606,-0.00860725177135219
4,0.0114,0.33999999999999997,1132.60025,10.020986424554586,8000,4,5,1123.295125,9.84169750212049,0.008283775824274017
4,0.0112,0.33999999999999997,1144.440125,10.342101821771266,8000,6,6,1152.416375,10.4595453689213,-0.006921326504059729
4,0.011,0.33999999999999997,1159.504,10.245835358977589,8000,5,5,1159.363625,10.248165549556848,0.00012107935506424835
4,0.0108,0.33999999999999997,1187.637875,10.590477814473381,8000,6,6,1179.466625,10.162202681686763,0.006927919643338677
4,0.010599999999999998,0.33999999999999997,1201.54175,10.752346973291292,8000,8,8,1192.84475,10.51749258258392,0.007290973951136656
4,0.0104,0.33999999999999997,1248.130875,11.083342471514827,8000,5,11,1218.43225,10.617820437658004,0.024374457422642902
4,0.0102,0.33999999999999997,1271.33775,11.521378409208388,8000,4,7,1242.6205,10.88545313032261,0.02311023357493291
4,0.009999999999999998,0.33999999999999997,1290.395375,11.489889720801314,8000,5,5,1286.1885,11.270067885487055,0.003270807506053803
4,0.0098,0.33999999999999997,1309.08425,11.900160739342766,8000,4,5,1303.617375,11.420871246719443,0.004193619312568669
4,0.009600000000000001,0.33999999999999997,1361.6,12.182773210116657,8000,5,8,1319.751375,11.406313306913988,0.031709476339814274
4,0.009399999999999999,0.33999999999999997,1354.303375,12.27088435174592,8000,5,5,1350.761375,12.085197659148825,0.0026222248174663093
4,0.0092,0.33999999999999997,1417.480375,12.876336330659818,8000,4,6,1395.78625,12.377068151055369,0.015542583973728057
4,0.009000000000000001,0.33999999999999997,1439.743875,13.166161522223426,8000,5,6,1424.5165,12.401816776117412,0.010689504122977823
4,0.008799999999999999,0.33999999999999997,1446.236625,12.71221573213355,8000,6,6,1441.968625,12.984887926475686,0.0029598424861706192
4,0.0086,0.33999999999999997,1504.937,13.235053207129521,8000,6,9,1462.603,12.806050070715665,0.028944286316929357
4,0.0084,0.33999999999999997,1536.055375,13.600214630184134,8000,6,7,1513.999625,13.271990699928923,0.014567870186889901
4,0.008199999999999999,0.33999999999999997,1571.626625,14.34339279133809,8000,5,7,1568.43775,13.574430103265689,0.002033153690670894
4,0.008,0.33999999999999997,1608.948875,14.257800668147976,8000,5,5,1596.240625,14.156404841416496,0.00796136234159567
4,0.0078,0.33999999999999997,1655.627,14.365781645560084,8000,5,8,1639.654,14.32515440616069,0.009741689405203754
4,0.0076,0.33999999999999997,1693.3965,14.858790437780526,8000,7,8,1666.48,14.735298389914947,0.01615170899140706
4,0.0074,0.33999999999999997,1754.6905,15.560842344544774,8000,6,9,1737.05625,15.272668875930506,0.010151801359339881
4,0.0072,0.33999999999999997,1752.946125,15.427686095015718,8000,10,10,1767.566,15.412396264260009,-0.008271190439282093
4,0.007,0.33999999999999997,1814.79775,16.1849901365071,8000,6,7,1842.19625,16.281964066259757,-0.014872736821606282
4,0.0068000000000000005,0.33999999999999997,1929.26,17.34480204938259,8000,4,5,1863.77825,16.253009607447467,0.035133873892991246
4,0.0066,0.33999999999999997,1948.493625,17.459583003497016,8000,5,6,1920.195125,16.755360554194795,0.014737304366398755
4,0.0063999999999999994,0.33999999999999997,2004.272125,17.692370248351367,8000,6,6,1994.494375,17.34367810575584,0.004902370306258682
4,0.0062,0.33999999999999997,2066.02,18.586243031742708,8000,5,8,2049.082875,17.909966363563747,0.008265710092374826
4,0.006,0.33999999999999997,2132.989625,19.008524489918475,8000,5,5,2130.48075,18.45576666553929,0.0011776097953478289
4,0.0058,0.33999999999999997,2244.39875,20.02157900202358,8000,6,7,2210.481375,19.026744647058564,0.015343886351451386
4,0.0056,0.33999999999999997,2291.796625,20.534073995917367,8000,5,5,2291.903,20.286531436980372,-4.641339533123504e-05
4,0.0054,0.33999999999999997,2411.39225,21.736586819796802,8000,5,6,2382.550875,20.95909375433113,0.012105250428283077
4,0.0052,0.33999999999999997,2478.91875,22.3708423126908,8000,4,6,2473.0505,21.220866178307578,0.002372879162799138
4,0.005,0.33999999999999997,2605.5045,24.047928072326524,8000,5,6,2508.30825,22.495615635204185,0.038749723045403195
4,0.015,0.36,771.466375,6.849208125043539,8000,5,5,773.245125,6.855339214478011,-0.0023003701445903834
4,0.0148,0.36,787.9825,6.804525240671653,8000,7,8,774.20075,6.836951850606059,0.01780126149451546
4,0.014599999999999998,0.36,789.83175,6.8606992230727375,8000,9,9,789.50525,6.917385495027405,0.00041355013155391934
