4,0.0062,0.12000000000000001,14215.0320625,100.33352330876536,16000,8,9,13970.03275,97.53955897756882,0.017537490203807866
4,0.006,0.12000000000000001,14814.2450625,106.64637107925053,16000,6,8,14218.502,98.45322718128753,0.041899143981553026
4,0.0058,0.12000000000000001,15297.662,108.1489019359553,16000,6,9,14931.8905625,106.35063399106139,0.024495989705322324
4,0.0056,0.12000000000000001,15778.902125,112.01685231490367,16000,8,10,15245.4219375,105.89836224146175,0.034992812247968734
4,0.0054,0.12000000000000001,16224.065375,114.31636927213489,16000,8,9,15852.863375,112.95174940500098,0.023415454433637878
4,0.0052,0.12000000000000001,16946.643375,120.85545537581706,16000,8,9,16701.7064375,118.57415000055923,0.014665383948435763
4,0.005,0.12000000000000001,17351.6804375,122.53287667810432,16000,10,11,17015.8596875,119.00546777967845,0.01973574983382684
4,0.015,0.14,4685.884,47.96727511319017,8000,4,5,4344.1015,42.17846129920062,0.07867737436613768
4,0.0148,0.14,4460.177125,43.3647949157635,8000,7,9,4336.58125,42.656966097879476,0.028500763129942503
4,0.014599999999999998,0.14,4705.549625,47.82097508114911,8000,4,7,4458.852125,43.932650695133745,0.055327580526120114
4,0.0144,0.14,4514.92275,45.16025722304803,8000,7,9,4509.462,43.72051146012352,0.00121095376787725
4,0.0142,0.14,4770.26825,48.091346775793056,8000,5,7,4536.958375,44.66556073504526,0.05142429260219958
4,0.013999999999999999,0.14,4669.54925,46.36750593550283,8000,7,7,4641.28525,45.676021787419764,0.006089692504894011
4,0.0138,0.14,4712.663125,46.58264200580308,8000,7,7,4729.410375,46.54040057822524,-0.0035410862395294567
4,0.013600000000000001,0.14,4872.270875,48.28150597352314,8000,7,10,4745.644,46.722419753223924,0.026682758968013597
4,0.013399999999999999,0.14,5045.675,51.05757027930313,8000,5,6,4837.93975,47.19848180166169,0.04293878401441453
4,0.0132,0.14,5068.73425,51.13801747319212,8000,6,7,4873.0705,47.38390883101279,0.040152045819981594
4,0.013000000000000001,0.14,5194.20475,52.05376559786568,8000,5,6,5026.144875,49.100463222897574,0.03343713306712034
4,0.012799999999999999,0.14,5124.58475,51.490645693430764,8000,7,8,5048.261375,49.060052104245905,0.015118744718323928
4,0.0126,0.14,5285.926375,37.578497660680895,16000,6,8,5094.728125,35.16637406477942,0.03752864633969068
4,0.0124,0.14,5239.802375,36.614713689545226,16000,8,9,5152.037125,36.0241989873729,0.01703505775882785
4,0.012199999999999999,0.14,5530.50275,38.74367163089661,16000,5,8,5288.636125,36.945080239055386,0.045733270220022874
4,0.012,0.14,5470.17475,38.02627290996389,16000,10,17,5358.38375,36.82037970599437,0.02086282080860673
4,0.0118,0.14,5720.8300625,40.029130613671086,16000,5,7,5473.01525,37.95507615400269,0.04527939374917689
4,0.0116,0.14,5619.288625,39.17145598412472,16000,7,8,5566.5165625,38.39893794208845,0.009480266861237813
4,0.0114,0.14,5790.5716875,40.22950441180509,16000,7,9,5675.4770625,39.654321527628525,0.020279286433993887
4,0.0112,0.14,5901.8963125,41.30225522290891,16000,7,8,5718.0615625,39.211689092734254,0.03214983749136576
4,0.011,0.14,6001.6010625,42.66450621235241,16000,7,8,5910.32025,40.66085824524088,0.015444309045690061
4,0.0108,0.14,6129.531375,43.317800309773986,16000,7,8,5909.1624375,40.853486387831396,0.037292753386084156
4,0.010599999999999998,0.14,6148.421375,43.02047761045891,16000,7,10,6053.5068125,42.125148228368175,0.01567926913107775
4,0.0104,0.14,6315.8273125,45.03372639729983,16000,7,9,6164.0710625,43.243929939186415,0.0246194841787646
4,0.0102,0.14,6402.34875,44.85728630178003,16000,8,8,6372.059,44.40707494682317,0.004753526293463371
4,0.009999999999999998,0.14,6600.5615625,46.87615295927152,16000,7,10,6390.3230625,44.55715064938168,0.03289951039153748
4,0.0098,0.14,6741.1415,47.34164654591295,16000,7,12,6550.5813125,45.44119290135849,0.02909057660827247
4,0.009600000000000001,0.14,6821.5278125,48.835885777946494,16000,7,9,6750.7485625,46.81079105467152,0.01048465208631454
4,0.009399999999999999,0.14,7044.7059375,49.325549642979354,16000,6,8,6883.5111875,47.81133239326286,0.02341751841599657
4,0.0092,0.14,7275.6510625,51.554162034443316,16000,6,8,6940.609625,47.85344646830653,0.048272623818689415
4,0.009000000000000001,0.14,7226.1705625,50.7958142782018,16000,8,10,7157.74325,50.14333750102997,0.009559900391788986
4,0.008799999999999999,0.14,7398.920625,51.77846053201664,16000,9,11,7418.826375,51.434908367140416,-0.002683140026983028
4,0.0086,0.14,7659.5353125,54.2341682501872,16000,8,9,7447.9540625,51.73817781500358,0.028407969252294267
4,0.0084,0.14,7913.5901875,55.63795460025934,16000,6,8,7564.1428125,51.842357318729036,0.04619788172461871
4,0.008199999999999999,0.14,7901.103,54.697422109045384,16000,11,11,7871.8278125,54.358265201324066,0.003718982197948116
4,0.008,0.14,8171.060625,58.374830273580386,16000,7,10,7900.269625,54.112031850260855,0.03427617193508129
4,0.0078,0.14,8704.8234375,61.76338339205379,16000,5,7,8221.91525,57.49328691368703,0.058734269670317904
4,0.0076,0.14,8548.4701875,60.33945087615163,16000,8,8,8500.531875,59.147059748502016,0.0056394485903858305
4,0.0074,0.14,9072.6759375,64.5090311850308,16000,6,8,8690.5226875,60.488868693169,0.04397356335651351
4,0.0072,0.14,9164.752625,65.73646824379894,16000,7,8,8858.60825,60.95376339023722,0.034558969802056645
4,0.007,0.14,9132.27575,63.78309730137821,16000,10,10,9162.5831875,63.54257326173707,-0.003307739409269036
4,0.0068000000000000005,0.14,9798.4884375,69.87753854020652,16000,6,7,9486.6651875,65.58944465031493,0.032869637943043456
4,0.0066,0.14,10067.018625,70.05044813062021,16000,6,8,9754.643375,66.41008579742389,0.03202323631846776
4,0.0063999999999999994,0.14,10196.9005,71.89887212004872,16000,8,9,10068.3646875,69.35034034986427,0.012766304806139874
4,0.0062,0.14,10502.2299375,73.76708584706648,16000,8,8,10437.7769375,71.55244483153467,0.006174973884375512
4,0.006,0.14,11229.724,79.97563181067152,16000,5,6,10730.0584375,73.73852358694045,0.046566900395783636
4,0.0058,0.14,11436.3425,80.7325119341555,16000,6,7,11150.288875,76.87448033280765,0.025654368977054906
4,0.0056,0.14,11824.6536875,83.46358356077778,16000,7,12,11500.9235625,79.53704422282131,0.028148185077549508
4,0.0054,0.14,11900.7646875,81.6879018450324,16000,13,13,11927.7400625,82.08453609106296,-0.0022615663033107775
4,0.0052,0.14,12782.3910625,89.8752158016526,16000,7,8,12447.298625,86.0882085134352,0.026920896460777353
4,0.005,0.14,13164.1274375,92.43489904387047,16000,8,9,12650.286125,86.77831646958126,0.040618947857987586
4,0.015,0.16,3479.49775,34.35848352960916,8000,6,7,3389.24675,32.71120001423596,0.02662863068320423
4,0.0148,0.16,3538.055125,34.60939988400291,8000,5,8,3382.311,33.22497675010294,0.046046660109020046
4,0.014599999999999998,0.16,3431.032,33.21475821761965,8000,11,12,3404.52775,33.33130119557165,0.007785000430676458
4,0.0144,0.16,3559.047375,35.1274054425347,8000,6,12,3460.640625,33.827040145643146,0.0284359922521571
4,0.0142,0.16,3647.853375,34.8991391061199,8000,6,8,3566.412625,34.715513998207214,0.022835481634714157
4,0.013999999999999999,0.16,3723.716875,37.81805109741584,8000,5,6,3581.9505,34.22805163498661,0.0395779827219835
4,0.0138,0.16,3660.385125,35.73052506038224,8000,7,9,3632.14675,35.5826353114306,0.007774568855181831
4,0.013600000000000001,0.16,3760.458375,37.41254478158762,8000,6,8,3616.809,34.49895741691308,0.03971715813580423
4,0.013399999999999999,0.16,3777.917,37.275525699977074,8000,8,10,3728.18875,36.002182197744,0.013338447523613208
4,0.0132,0.16,3901.6945,38.69308657583179,8000,7,9,3775.029125,36.578792483805266,0.03355348284895684
4,0.013000000000000001,0.16,3960.674875,38.41433186416448,8000,6,7,3810.87175,36.43619625574877,0.03930941129152414
4,0.012799999999999999,0.16,4008.444375,39.17252333706059,8000,6,10,3978.2685,38.8750609513537,0.0075851780743305544
4,0.0126,0.16,4018.036875,38.593171421809885,8000,7,9,3993.915875,38.94123821755656,0.006039436171148607
4,0.0124,0.16,4113.679,40.440316029257154,8000,8,10,3962.667625,38.69361142152006,0.03810851408462501
4,0.012199999999999999,0.16,4332.677375,42.94389008052158,8000,4,11,4120.077,40.51065741827306,0.05160106837809099
4,0.012,0.16,4283.034375,42.8688560751196,8000,6,8,4195.951375,40.7156053997323,0.020754053662025707
4,0.0118,0.16,4351.168625,42.404303604785824,8000,8,8,4314.35725,41.885899709384454,0.008532296438826484
4,0.0116,0.16,4468.975125,44.61433280376072,8000,6,7,4333.825,42.07279159261867,0.031184952091974208
4,0.0114,0.16,4497.8965,44.347616400670525,8000,8,15,4461.091125,43.55229958175299,0.00825030782127319
4,0.0112,0.16,4578.8705,45.17074685547499,8000,7,9,4502.136625,43.03724637274084,0.017043879693455527
4,0.011,0.16,4651.49,45.724041628670115,8000,7,8,4512.885,42.39126899302473,0.030713169070339608
4,0.0108,0.16,4757.787875,46.425604375602404,8000,6,10,4663.926,44.97311844161238,0.020125078099438025
4,0.010599999999999998,0.16,4805.355,47.10893046845641,8000,6,8,4729.30325,46.30248103576565,0.016080962877565448
4,0.0104,0.16,4911.3045,47.66388331037712,8000,7,8,4841.132125,46.83416083645468,0.014495034051564973
4,0.0102,0.16,5155.95625,51.132489175223995,8000,5,7,4923.503125,47.45471223071942,0.04721295368325779
4,0.009999999999999998,0.16,5164.744375,50.9961536214559,8000,6,7,4980.684375,47.703372303138785,0.03695476086054949
4,0.0098,0.16,5153.039625,50.02255505528121,8000,10,10,5112.00025,49.31644814050016,0.00802804636013081
4,0.009600000000000001,0.16,5364.555625,53.62588831875403,8000,6,8,5166.212375,49.72368712926666,0.03839239187297249
4,0.009399999999999999,0.16,5553.881,56.38309245349355,8000,5,6,5358.701375,51.5686544373355,0.0364229337187129
4,0.0092,0.16,5703.769,55.882736786965125,8000,5,6,5474.3565,52.77633065883507,0.04190675196253667
4,0.009000000000000001,0.16,5677.9815,54.61961935539541,8000,8,9,5609.18425,54.429289981256645,0.01226510788979692
4,0.008799999999999999,0.16,5824.35175,57.46731473388227,8000,9,11,5564.038125,53.98803700220406,0.04678501821013309
4,0.0086,0.16,5945.218,58.17593599188428,8000,8,8,5938.442875,57.754068482676,0.0011408925104798818
4,0.0084,0.16,6066.357125,59.786703901296185,8000,7,10,5989.760375,59.42696841084585,0.012787948966990289
4,0.008199999999999999,0.16,6245.30125,61.6433284510487,8000,7,11,6137.3095,59.32526275569791,0.017595943303820694
4,0.008,0.16,6605.174625,64.74647387142011,8000,5,7,6233.90825,60.701722457996716,0.05955595753274027
4,0.0078,0.16,6553.778875,63.88985629798414,8000,7,9,6443.27375,62.511038499707446,0.01715046252691028
4,0.0076,0.16,6672.250375,66.38082185032519,8000,7,7,6681.055875,65.11459447765625,-0.0013179802960412142
4,0.0074,0.16,7019.407375,69.1363069883189,8000,5,6,6767.921875,67.48196663238267,0.03715845198050543
4,0.0072,0.16,7147.0525,69.1833589132389,8000,6,9,6986.133875,68.93932173253287,0.023034002479661805
4,0.007,0.16,7450.25225,72.62557959638055,8000,5,8,7040.359375,67.57348923202206,0.0582204477310506
4,0.0068000000000000005,0.16,7571.25325,75.20372208473114,8000,6,7,7407.5035,70.5776819408727,0.022105929480829803
4,0.0066,0.16,7874.838125,77.79318377283529,8000,6,8,7629.275625,73.73464620618232,0.03218686964137568
4,0.0063999999999999994,0.16,8021.122875,79.46557467119375,8000,7,8,7873.457875,76.1011637625384,0.018754783774086042
4,0.0062,0.16,8436.951625,83.62274936395602,8000,5,7,7990.99425,77.14197024827887,0.05580749541898369
4,0.006,0.16,8634.993125,86.53021186783812,8000,6,10,8270.069125,79.83298493521522,0.04412587059240583
4,0.0058,0.16,8809.875,85.59625391924287,8000,9,9,8775.21075,85.53587380051518,0.003950247006888103
4,0.0056,0.16,9360.13875,92.03897701723902,8000,6,7,9090.297625,88.36833574240283,0.029684520367945694
4,0.0054,0.16,9613.806375,95.5626504057266,8000,5,6,9176.244375,88.82520146548448,0.047684213946187534
4,0.0052,0.16,9887.677375,98.15060213725003,8000,7,8,9681.998,92.80052761883438,0.0212434845576295
4,0.005,0.16,10376.760625,101.32112293318151,8000,6,13,10023.284125,96.32236603610475,0.03526553728217304
4,0.015,0.18,2681.389625,25.670408240634295,8000,9,11,2696.5145,25.740534635116486,-0.0056090464189977205
4,0.0148,0.18,2779.340625,26.776898540638218,8000,7,7,2781.300375,26.42200898270829,-0.0007046164512166313
4,0.014599999999999998,0.18,2810.9155,27.362683470276732,8000,7,8,2717.307625,25.79898511357751,0.03444875881507901
4,0.0144,0.18,2895.1075,27.738265594598616,8000,6,7,2813.634875,27.042448821475556,0.02895636023135371
4,0.0142,0.18,2850.4165,27.3416115540949,8000,9,10,2807.650625,26.513737975254283,0.015231907638080714
4,0.013999999999999999,0.18,2921.544875,28.325816248394265,8000,7,9,2921.701375,27.408903620552277,-5.3564680271285745e-05
4,0.0138,0.18,2968.311125,28.661788381243426,8000,7,8,2882.09175,27.513177910868215,0.029915555256004644
4,0.013600000000000001,0.18,3025.890375,28.984872575396057,8000,8,8,3002.291125,28.84015857460705,0.007860413603294302
4,0.013399999999999999,0.18,3084.357375,29.9145466250491,8000,6,7,3031.795625,28.972486538594005,0.017336838132022782
4,0.0132,0.18,3088.118625,29.98938814648548,8000,8,9,3126.4625,29.661883582789017,-0.012264300307456118
4,0.013000000000000001,0.18,3298.454,32.99134944434707,8000,4,5,3121.38725,29.56647809262679,0.05672694088181463
4,0.012799999999999999,0.18,3270.563875,31.70810457037252,8000,5,6,3167.42575,30.1485157594645,0.03256212872551154
4,0.0126,0.18,3290.43775,31.616854308365525,8000,5,7,3230.177,30.529028190361807,0.01865555664596705
4,0.0124,0.18,3348.309375,32.85041860637914,8000,5,7,3241.067875,30.828230204930577,0.03308832278003423
4,0.012199999999999999,0.18,3357.766,33.433606237811205,8000,7,9,3304.031375,31.3726642142497,0.016263351918079184
4,0.012,0.18,3415.972625,32.740851247363764,8000,7,10,3301.300875,31.94540333012161,0.034735322329565
4,0.0118,0.18,3503.281875,34.29991155802077,8000,5,8,3433.67625,32.23774838234422,0.02027145832400482
4,0.0116,0.18,3530.00025,33.99156918179377,8000,7,8,3494.687875,33.06003804031805,0.010104586235759317
4,0.0114,0.18,3674.04625,35.37405137309601,8000,5,6,3532.786,33.5542531331859,0.0399855100195709
4,0.0112,0.18,3625.686125,35.19988134169268,8000,8,10,3519.7345,32.55860627747386,0.030102163955832505
4,0.011,0.18,3767.977625,36.66329851045188,8000,5,6,3693.916625,35.75808565356795,0.02004945089955845
4,0.0108,0.18,3811.764625,37.80939779057069,8000,7,8,3700.08575,35.16905916092866,0.030182780223404173
4,0.010599999999999998,0.18,3879.934,37.26272149935431,8000,6,7,3797.78325,36.40666574797863,0.021631237117073557
4,0.0104,0.18,4114.630375,40.4073233113899,8000,4,5,3810.500625,35.74806710430527,0.07981359404710754
4,0.0102,0.18,4009.75775,39.52310199056985,8000,9,14,3920.910875,37.35544157389743,0.022659753774688943
4,0.009999999999999998,0.18,4108.29725,39.888992926697746,8000,7,9,3995.725,39.169790366512615,0.028173172578192872
4,0.0098,0.18,4255.320625,41.423550538709016,8000,6,7,4110.198625,38.92593498529867,0.03530778272303089
4,0.009600000000000001,0.18,4293.5115,42.10475921454169,8000,5,6,4222.630375,40.30930028067573,0.0167860122021691
4,0.009399999999999999,0.18,4430.74975,43.262001449228414,8000,5,7,4301.3415,41.74349940727375,0.030085555866698675
4,0.0092,0.18,4474.694875,44.23648579679361,8000,5,7,4445.86825,42.65321297205929,0.006483913462797664
4,0.009000000000000001,0.18,4581.244875,44.072356143742894,8000,5,10,4436.22575,42.15215557137359,0.03268975322096734
4,0.008799999999999999,0.18,4539.828125,43.62801733473649,8000,11,17,4651.499625,44.06999373985673,-0.024007633882159103
4,0.0086,0.18,4849.783125,47.63433394308463,8000,5,7,4714.586625,44.86189368181925,0.02867621506477252
4,0.0084,0.18,4954.3645,48.55775030119299,8000,5,8,4813.989125,45.51430357259467,0.029159886188982534
4,0.008199999999999999,0.18,5094.313125,51.41607516880482,8000,5,6,4947.251875,47.62791739614157,0.02972584653373844
4,0.008,0.18,5129.346125,49.958368331965765,8000,6,10,5015.18525,47.93622337764802,0.022763042501769915
4,0.0078,0.18,5115.93675,48.86638913530771,8000,13,13,5095.399,48.421826865082174,0.004030646078942887
4,0.0076,0.18,5615.908875,55.4859145572499,8000,5,7,5289.8135,50.89255456207175,0.06164591152410191
4,0.0074,0.18,5468.89975,52.97974887426411,8000,8,13,5482.486625,52.51580008623572,-0.002478232220037557
4,0.0072,0.18,5937.8755,58.5985280523748,8000,4,10,5622.69375,53.73974759074057,0.0560552937815615
4,0.007,0.18,5811.31775,57.30804818252126,8000,6,7,5799.8065,54.56677237620816,0.0019847644917120036
4,0.0068000000000000005,0.18,6089.98175,59.87713761557492,8000,6,8,5928.515875,55.73197816434486,0.027235463040739497
4,0.0066,0.18,6313.020875,62.7562529070492,8000,5,7,6040.6375,57.74284635525096,0.04509182598690955
4,0.0063999999999999994,0.18,6413.1595,62.358611726866016,8000,8,8,6379.544125,61.79315291640363,0.00526924406216869
4,0.0062,0.18,6611.964,63.95417793265058,8000,7,8,6543.4595,63.219928172094036,0.010469156262065961
4,0.006,0.18,6870.466875,68.21860285341712,8000,5,9,6668.692125,64.13909358102453,0.03025701985005051
4,0.0058,0.18,6990.659,67.39782976237595,8000,8,11,6884.834375,65.50869669272522,0.015370685660103375
4,0.0056,0.18,7389.410125,70.87250081245713,8000,6,7,7208.063625,70.10260337050275,0.025158837301467434
4,0.0054,0.18,7820.504625,77.0075191779093,8000,5,6,7401.096,71.30302494034672,0.05666844815956989
4,0.0052,0.18,7779.93175,73.03173524331271,8000,8,9,7700.039875,74.18602981151015,0.010375514451475401
4,0.005,0.18,8305.550375,81.5313300877324,8000,6,9,8066.562125,77.88038729569196,0.029627026519677406
4,0.015,0.2,2291.14525,22.314692227436286,8000,5,6,2233.73025,21.30902350375194,0.025703640804434626
4,0.0148,0.2,2265.05125,21.497207337660036,8000,7,9,2227.57425,21.0755774978819,0.01682413055367284
4,0.014599999999999998,0.2,2303.3225,21.98279024475935,8000,8,8,2287.479875,22.28019975966978,0.006925798636807778
4,0.0144,0.2,2312.074,23.005245841601628,8000,6,6,2333.502375,22.208643009447584,-0.00918292401566549
4,0.0142,0.2,2358.7175,22.983209630534283,8000,6,8,2332.650375,22.242758045942868,0.011174895852105583
4,0.013999999999999999,0.2,2448.58,23.157803887758075,8000,5,7,2363.197375,21.64876235515445,0.03613012857210022
4,0.0138,0.2,2417.34575,22.845615214799647,8000,8,8,2410.79375,22.375436591756173,0.0027177770806814704
4,0.013600000000000001,0.2,2483.597875,24.010916706759613,8000,7,9,2404.78575,22.674517870033025,0.03277303393867829
4,0.013399999999999999,0.2,2490.230375,23.83808720554666,8000,6,6,2493.13675,23.37389210511265,-0.0011657503343930193
4,0.0132,0.2,2531.778625,23.486883684232424,8000,11,11,2521.4335,23.670608311721725,0.0041028744164777
4,0.013000000000000001,0.2,2590.72675,25.145806845864897,8000,8,8,2582.92,24.682238622903103,0.0030224513341488464
4,0.012799999999999999,0.2,2606.842625,25.03993353532903,8000,7,9,2597.835125,24.664784096626935,0.0034673101126847547
4,0.0126,0.2,2673.68425,25.797114588949317,8000,6,7,2614.417625,24.820574682085596,0.02266914988381007
4,0.0124,0.2,2727.349,26.413591605508003,8000,6,7,2660.749125,24.975453766467325,0.02503049775502617
4,0.012199999999999999,0.2,2777.831125,26.429789850062544,8000,7,10,2676.304625,24.79502361053135,0.037935330325111975
4,0.012,0.2,2897.426,28.184092470515143,8000,5,8,2762.5135,25.95192084235567,0.04883686541260338
4,0.0118,0.2,2907.3495,27.20235490544006,8000,5,15,2848.15475,27.186644824387685,0.020783544152577965
4,0.0116,0.2,2951.456875,29.06121754483418,8000,6,7,2848.544625,27.44557564328675,0.03612801045726986
4,0.0114,0.2,3067.200875,29.503238709649725,8000,5,6,2891.969,27.36364908752208,0.06059258415287299
4,0.0112,0.2,3015.396375,29.30246719955045,8000,6,9,2985.9395,27.85698697939917,0.00986519485743092
4,0.011,0.2,3131.3785,30.02279183234622,8000,5,7,3049.628875,28.97252823696457,0.026806417551381537
4,0.0108,0.2,3243.20225,31.82131797901538,8000,4,6,3105.4045,29.4868358601953,0.04437352686260348
4,0.010599999999999998,0.2,3160.112875,30.349136543469342,8000,7,8,3102.898625,28.956731221732273,0.018438968498366588
4,0.0104,0.2,3255.07525,30.8148222839063,8000,7,9,3161.322125,30.073754586277968,0.029656302424416723
4,0.0102,0.2,3388.5905,32.28095487833656,8000,5,6,3274.559875,31.440109856723602,0.034823191315138155
4,0.009999999999999998,0.2,3341.369125,32.219749548768064,8000,6,6,3327.48025,30.85687724597085,0.004173991716404657
4,0.0098,0.2,3494.82675,33.235437587942364,8000,6,8,3366.598,31.573407193470988,0.03808852437980425
4,0.009600000000000001,0.2,3579.941625,35.227589661355466,8000,5,6,3437.159875,32.29824995455464,0.04154061934637245
4,0.009399999999999999,0.2,3588.41225,34.59145606871893,8000,6,7,3481.149875,32.72125452861337,0.030812340419557428
4,0.0092,0.2,3632.96375,34.58406236676391,8000,8,8,3632.09975,34.05921187196145,0.00023787892939890562
4,0.009000000000000001,0.2,3775.194625,36.621721989001195,8000,6,7,3711.576875,35.498349839167766,0.017140356280509448
4,0.008799999999999999,0.2,3921.094625,39.008587575487375,8000,4,6,3806.951125,35.78472602871787,0.02998291710403824
4,0.0086,0.2,3902.98475,37.376196614775466,8000,7,8,3869.049625,36.9355997970534,0.008770920067999895
4,0.0084,0.2,4015.72025,39.03069911294695,8000,7,8,4047.926,38.32914735927361,-0.007956111351837974
4,0.008199999999999999,0.2,4145.173375,40.44544083816911,8000,5,6,4049.43,37.8829507699523,0.02364366713339914
4,0.008,0.2,4319.09225,41.76840557346259,8000,5,6,4229.401,40.200706790701254,0.021206608217097377
4,0.0078,0.2,4396.13875,42.61901522678483,8000,4,9,4259.004375,40.20347237925664,0.03219869315114278
4,0.0076,0.2,4555.98825,44.31433722227405,8000,5,6,4343.37525,41.40129326410193,0.04895110087483237
4,0.0074,0.2,4575.229375,44.42324992880466,8000,6,7,4485.482875,42.763580142004734,0.020008213719910857
4,0.0072,0.2,4678.4545,45.127586637091284,8000,7,8,4613.13125,43.836748772528715,0.014160284297135369
4,0.007,0.2,4735.168375,45.17979904436903,8000,9,13,4725.038875,44.96153593535173,0.0021437918857334284
4,0.0068000000000000005,0.2,5025.390875,49.09808602735101,8000,5,6,4819.90625,45.49919973903089,0.04263249414861545
4,0.0066,0.2,5234.79625,50.12541879045109,8000,5,8,5037.6645,47.78513193030515,0.039131575753010246
4,0.0063999999999999994,0.2,5296.902625,51.7688627431983,8000,6,7,5222.539125,49.85790522535355,0.014238955079154045
4,0.0062,0.2,5547.915125,52.545709574219636,8000,6,7,5397.240375,50.84201257736777,0.027916998230785695
4,0.006,0.2,5755.582125,56.478087723966496,8000,6,9,5415.852875,50.67758717380765,0.06272867041278339
4,0.0058,0.2,5921.6225,56.8697827642077,8000,5,7,5672.21775,54.22763353312536,0.04396953026001172
4,0.0056,0.2,6002.67775,58.1105631438939,8000,8,9,5843.832125,55.88494510071775,0.027181757039264696
4,0.0054,0.2,6472.681875,64.04966538071926,8000,4,5,6087.41025,58.16340370856693,0.06328990640970851
4,0.0052,0.2,6679.07175,64.81650161391522,8000,5,8,6406.489625,60.55795779653452,0.042547813382277956
4,0.005,0.2,6858.08775,65.803064301816,8000,5,6,6648.293125,62.886636181170196,0.03155616352279887
4,0.015,0.22,1889.808875,17.956343841141408,8000,5,9,1863.8515,17.674161532211425,0.01392673987171186
4,0.0148,0.22,1895.55525,17.90837386549915,8000,9,9,1912.230125,18.11444048480922,-0.008720119394625768
4,0.014599999999999998,0.22,1960.734875,18.802111920095538,8000,7,8,1879.262125,17.496837592802425,0.04335358485448119
4,0.0144,0.22,1981.372125,19.00845510149145,8000,5,6,1946.7475,18.486541814154958,0.017785883890951523
4,0.0142,0.22,1952.998125,17.94982793334772,8000,7,8,1969.887375,18.563265100399892,-0.008573713509890354
4,0.013999999999999999,0.22,2011.955625,19.25311598524704,8000,6,7,1990.473125,18.92534772736797,0.010792660162141136
4,0.0138,0.22,2019.8355,19.185989624227137,8000,10,14,2030.3135,19.288961146015104,-0.005160779357473644
4,0.013600000000000001,0.22,2149.047625,20.291072742988234,8000,4,6,2039.56375,19.047483268153787,0.0536800455489563
4,0.013399999999999999,0.22,2117.73725,20.52079961718526,8000,5,10,2058.20175,19.20363852089422,0.028925978709327185
4,0.0132,0.22,2184.701375,20.896314362980572,8000,5,8,2102.3825,19.9187158540185,0.0391550419583496
4,0.013000000000000001,0.22,2161.847375,20.02218467166369,8000,8,9,2137.765,19.860743994677737,0.011265211564414217
4,0.012799999999999999,0.22,2186.969125,20.289134318469355,8000,8,8,2182.49225,20.20341938600625,0.0020512673069058053
4,0.0126,0.22,2275.139,22.26032794114635,8000,5,7,2237.073125,20.940951831105146,0.017015927899093702
4,0.0124,0.22,2243.94675,21.180250151706563,8000,9,11,2238.20225,20.740646015107814,0.0025665687718794154
4,0.012199999999999999,0.22,2342.454875,22.178979934176006,8000,5,9,2311.15325,21.488337077630042,0.013543725410679738
4,0.012,0.22,2406.730375,23.4086454084202,8000,5,6,2330.908875,21.783778248722214,0.03252872766207989
4,0.0118,0.22,2421.385125,22.89432114082615,8000,5,8,2363.400875,22.287172071236313,0.02453424241877713
4,0.0116,0.22,2451.66525,23.176656983971476,8000,5,9,2365.00525,22.027907866208604,0.03664262478909924
4,0.0114,0.22,2546.81775,24.318600313998772,8000,5,6,2433.36975,22.912834099450155,0.04662176802354033
4,0.0112,0.22,2541.66125,24.046311125168362,8000,5,7,2532.330875,24.259203984969083,0.003684500746767542
4,0.011,0.22,2588.72475,24.8808859348455,8000,6,7,2540.957,23.750055398046996,0.01879911781269812
4,0.0108,0.22,2651.521875,25.39829410822972,8000,5,6,2576.12225,24.036124340714384,0.029268651749737428
4,0.010599999999999998,0.22,2651.17825,25.27789313463511,8000,7,9,2647.6125,24.917190834072798,0.0013467794097511447
4,0.0104,0.22,2714.8695,26.24412943474106,8000,6,9,2661.33025,24.656952349905602,0.020117476964762192
4,0.0102,0.22,2783.34275,26.28673000464487,8000,6,7,2727.795125,25.250756769274894,0.020363561944557584
4,0.009999999999999998,0.22,2822.7075,26.706328391342698,8000,7,8,2744.663125,25.984154274561252,0.028434955929245394
4,0.0098,0.22,2893.313625,27.102241851523413,8000,7,8,2852.043,27.198762689787138,0.014470547954571391
4,0.009600000000000001,0.22,2959.253125,28.362823376963565,8000,6,6,2969.152625,27.901719010112817,-0.003334116244697926
4,0.009399999999999999,0.22,3056.843625,28.763816965912895,8000,6,7,2936.4045,27.886946010045445,0.04101584948531439
4,0.0092,0.22,3149.98825,30.706520796244053,8000,5,6,3052.448,28.49595449734645,0.031954762210527426
4,0.009000000000000001,0.22,3107.266625,29.683544484063994,8000,8,8,3084.75875,28.114089714031483,0.007296478209195529
4,0.008799999999999999,0.22,3220.03475,31.566990695273745,8000,5,6,3152.951625,29.726415575140837,0.02127629376489392
4,0.0086,0.22,3257.841125,30.805393027993784,8000,9,9,3245.815875,30.58265206847365,0.0037048466281224724
4,0.0084,0.22,3431.712375,32.61107857019676,8000,5,7,3383.996875,31.50443946756036,0.014100338080247268
4,0.008199999999999999,0.22,3436.778,31.82072513907873,8000,7,8,3417.927375,31.717153685325606,0.005515221048252841
4,0.008,0.22,3554.053125,34.57791742513601,8000,5,13,3460.837875,32.538811704462304,0.026934301278126106
4,0.0078,0.22,3714.029625,35.457307465105195,8000,5,6,3575.25675,33.20186416239172,0.03881479980423787
4,0.0076,0.22,3727.613125,35.41899454808382,8000,6,6,3716.707625,35.074150928702515,0.0029341829114147354
4,0.0074,0.22,3916.918875,37.20361052947375,8000,5,9,3741.922,34.811639832162825,0.04676657477093318
4,0.0072,0.22,3895.027,37.60721886766216,8000,7,7,3870.37275,35.831728894153606,0.00636999369117614
4,0.007,0.22,4115.3885,39.23326260802595,8000,5,6,3953.86,37.58066383451775,0.04085336860688034
4,0.0068000000000000005,0.22,4128.74625,39.329325058838926,8000,7,7,4156.669375,38.75587797215331,-0.006717668036804167
4,0.0066,0.22,4267.764875,40.550013076295244,8000,6,6,4270.56375,39.94739317004462,-0.0006553877108146219
4,0.0063999999999999994,0.22,4459.921875,42.67692954752762,8000,6,7,4349.73225,40.557796059884055,0.025332507535377604
4,0.0062,0.22,4546.614875,42.110339828500265,8000,7,7,4536.3265,42.274539129371874,0.0022679970235828678
4,0.006,0.22,4727.092625,44.90752009499173,8000,6,7,4651.708,43.142264998367885,0.016205794731741673
4,0.0058,0.22,4947.055875,46.958365042943214,8000,6,7,4807.313875,44.47612936900975,0.029068624107678052
4,0.0056,0.22,5049.94975,48.2689666230589,8000,6,8,5004.2865,47.418459836005546,0.009124827285568004
4,0.0054,0.22,5297.194375,50.59235342213059,8000,5,6,5103.47275,46.980419048167526,0.037958785025353596
4,0.0052,0.22,5481.03175,51.84910548406481,8000,11,11,5431.20075,51.5157155280015,0.009174950861464682
4,0.005,0.22,5720.14475,53.84280899743968,8000,6,7,5607.3845,52.50217530412599,0.02010924166159825
4,0.015,0.24000000000000002,1633.0225,15.475237212279358,8000,5,6,1590.56425,14.72134763149261,0.02669382893523486
4,0.0148,0.24000000000000002,1612.68875,15.189194313916651,8000,6,8,1571.179125,14.522793095288707,0.026419409690158602
4,0.014599999999999998,0.24000000000000002,1644.802125,15.295600170494536,8000,6,7,1606.493,15.02987555196361,0.02384643132587568
4,0.0144,0.24000000000000002,1692.1755,15.914057752439735,8000,5,6,1645.603625,15.421874430994214,0.028300785372905393
4,0.0142,0.24000000000000002,1754.655375,16.996968024770787,8000,4,5,1682.533,15.648977138684206,0.04286535538976065
4,0.013999999999999999,0.24000000000000002,1706.38425,16.067322819602396,8000,6,9,1690.577,15.23851758800409,0.00935021001705339
4,0.0138,0.24000000000000002,1767.820375,16.765874919094074,8000,5,6,1721.852875,16.27380595366159,0.0266965317812069
4,0.013600000000000001,0.24000000000000002,1762.162,16.711710634044604,8000,6,9,1755.70975,16.195865926325308,0.003675009494023741
4,0.013399999999999999,0.24000000000000002,1776.317625,16.437401260728404,8000,7,7,1777.165625,16.29149543671837,-0.0004771643048183445
4,0.0132,0.24000000000000002,1827.82725,17.338122309100555,8000,6,6,1813.454625,16.781286705824336,0.007925549832822516
4,0.013000000000000001,0.24000000000000002,1822.341875,17.07776017181765,8000,10,15,1857.667625,17.346124642632635,-0.019016184340296057
4,0.012799999999999999,0.24000000000000002,1926.608375,18.518222061503295,8000,5,6,1879.47275,17.428521646012474,0.025079174465285608
4,0.0126,0.24000000000000002,1907.456125,18.253560046705147,8000,6,7,1883.55675,17.03099651048632,0.012688428421389461
4,0.0124,0.24000000000000002,1960.8445,18.38188263167988,8000,5,6,1913.292375,18.09879980549905,0.024853559038513353
4,0.012199999999999999,0.24000000000000002,1949.161375,18.340654299885465,8000,8,8,1951.201,17.98507845460376,-0.0010453177299520216
4,0.012,0.24000000000000002,2015.899375,19.208183295327267,8000,6,6,2019.166125,18.682921279624026,-0.0016178708425984524
4,0.0118,0.24000000000000002,2109.34925,19.865576654134152,8000,4,7,2027.448125,18.745452442013235,0.04039616303376459
4,0.0116,0.24000000000000002,2077.945,19.040274183181985,8000,9,10,2016.323875,18.269455266837223,0.03056112451180499
4,0.0114,0.24000000000000002,2138.16625,20.328258190392237,8000,6,7,2093.324,19.185458876308818,0.021421552516476258
4,0.0112,0.24000000000000002,2158.53475,20.21236469335953,8000,5,7,2106.58975,19.310713370742626,0.024658337011276024
4,0.011,0.24000000000000002,2234.220875,21.194590197125947,8000,4,6,2165.02475,20.488463823537643,0.0319608932877095
4,0.0108,0.24000000000000002,2213.983,20.390689238346674,8000,6,6,2200.23775,20.43730409347557,0.00624716578924273
4,0.010599999999999998,0.24000000000000002,2279.3195,21.05875081737322,8000,6,7,2240.719625,20.476056948980187,0.017226552831213715
4,0.0104,0.24000000000000002,2309.219875,21.721510356361463,8000,6,10,2276.0595,21.186880362942958,0.014569203924589815
4,0.0102,0.24000000000000002,2369.548,22.28405420647766,8000,6,7,2327.50975,21.4290678725908,0.01806147106365488
4,0.009999999999999998,0.24000000000000002,2448.515125,23.391480538149462,8000,5,9,2409.208375,22.43406707671522,0.016315213913366766
4,0.0098,0.24000000000000002,2453.4425,22.86174273820999,8000,9,17,2445.93,22.912901825227344,0.0030714288634590007
4,0.009600000000000001,0.24000000000000002,2508.352875,23.842774187070727,8000,6,6,2489.88275,23.60636763300122,0.007418070188244737
4,0.009399999999999999,0.24000000000000002,2556.29225,24.06085440685951,8000,10,12,2556.39425,23.837120114598303,-3.989994892214367e-05
4,0.0092,0.24000000000000002,2633.258875,24.471432760031806,8000,6,7,2601.1175,24.47915732014905,0.012356756278791771
4,0.009000000000000001,0.24000000000000002,2744.751,25.74702175708474,8000,5,6,2624.465875,24.333394204027964,0.045832230529574074
4,0.008799999999999999,0.24000000000000002,2746.61525,26.100372733627463,8000,5,7,2687.009125,24.518612741554385,0.0221830750202606
4,0.0086,0.24000000000000002,2854.50425,27.35603976362781,8000,5,6,2766.923625,25.460253052005715,0.031652707797455035
4,0.0084,0.24000000000000002,3002.766,28.939844002397635,8000,4,5,2824.407125,26.148035797766713,0.06314913789208058
4,0.008199999999999999,0.24000000000000002,2973.476375,28.348606944296094,8000,4,6,2886.228875,26.97475382089921,0.03022889167096993
4,0.008,0.24000000000000002,3033.74275,29.196985594707066,8000,6,8,2901.01625,26.62189502970466,0.04575172579608947
4,0.0078,0.24000000000000002,3045.739125,27.721843260692022,8000,10,11,3008.57825,28.132612270948385,0.012351639848489908
4,0.0076,0.24000000000000002,3181.9935,30.382659715739077,8000,6,11,3139.227375,28.93767867152725,0.013623137126217277
4,0.0074,0.24000000000000002,3284.45625,30.81200170750263,8000,6,8,3208.179875,30.364551217230694,0.023775591759798185
4,0.0072,0.24000000000000002,3351.820125,31.778760677141264,8000,6,6,3332.5975,30.162321745529702,0.0057680607994215725
4,0.007,0.24000000000000002,3391.222,32.04217885838523,8000,9,9,3374.462625,31.623200469376588,0.004966531522926585
4,0.0068000000000000005,0.24000000000000002,3522.6455,32.541795227957245,8000,6,6,3527.453875,32.57051904969748,-0.0013631290926518688
4,0.0066,0.24000000000000002,3666.518125,34.80158257549368,8000,5,10,3637.46875,33.451115410953925,0.007986151083772212
4,0.0063999999999999994,0.24000000000000002,3804.91175,36.175502826440926,8000,5,6,3745.214625,34.38202000521266,0.015939573823489525
4,0.0062,0.24000000000000002,3881.395875,36.331139977280564,8000,6,7,3835.52,35.72416344883761,0.011960796710745916
4,0.006,0.24000000000000002,4055.8735,38.887707571043386,8000,6,8,3979.086,36.64585047913225,0.019297773408265207
4,0.0058,0.24000000000000002,4167.73775,39.051038584283276,8000,7,9,4110.47725,37.612144629687236,0.01393037754922505
4,0.0056,0.24000000000000002,4295.634125,41.19846414075718,8000,6,8,4250.95575,39.20510328056026,0.010510195266087987
4,0.0054,0.24000000000000002,4495.4525,42.02517647821627,8000,6,7,4378.700125,40.535775637556455,0.02666370650353683
4,0.0052,0.24000000000000002,4648.7235,44.112446009729936,8000,6,7,4587.541625,42.72084327748824,0.013336527491453599
4,0.005,0.24000000000000002,4839.7965,46.13113112380905,8000,6,7,4746.901375,43.667135356736495,0.019569634517633095
4,0.015,0.26,1373.16575,12.734705550936418,8000,8,9,1368.902875,12.371460242329228,0.003114081413555286
4,0.0148,0.26,1397.083125,12.61281392220958,8000,8,10,1401.224,12.716022077439714,-0.0029551841818294747
4,0.014599999999999998,0.26,1409.633375,12.984180642507187,8000,8,8,1410.27225,12.669513911170206,-0.0004530153663592957
4,0.0144,0.26,1473.0855,13.763807424658035,8000,4,6,1434.261,13.11026221421756,0.02706934093585473
4,0.0142,0.26,1464.5625,13.467230542562548,8000,6,9,1444.2345,13.287189850208478,0.014075276556542565
4,0.013999999999999999,0.26,1487.542375,14.110134112310144,8000,6,7,1472.18475,13.64338758172866,0.010431859859980278
4,0.0138,0.26,1547.6575,14.423349880556211,8000,4,7,1502.9895,13.785067256904425,0.029719435831055456
4,0.013600000000000001,0.26,1538.222125,14.237025891762503,8000,5,6,1511.08125,14.048133070764294,0.01796122809412138
4,0.013399999999999999,0.26,1560.6255,14.486234092570154,8000,9,9,1560.03175,14.18388061635142,0.00038060122814808094
4,0.0132,0.26,1580.91875,14.677872605740026,8000,5,7,1572.985,14.381525203982159,0.005043754390537829
4,0.013000000000000001,0.26,1641.03425,15.38485468358644,8000,4,7,1599.833375,14.317433387787784,0.02575322883234637
4,0.012799999999999999,0.26,1629.08925,15.25823386419236,8000,5,7,1610.871125,14.663410210943637,0.011309486350126303
4,0.0126,0.26,1635.912,14.731000012165493,8000,7,7,1640.186625,14.751991144371125,-0.0026061820861391395
4,0.0124,0.26,1693.728625,15.826950778662166,8000,5,6,1663.938625,15.232483281646148,0.01790330457651343
4,0.012199999999999999,0.26,1705.235625,15.846666318145822,8000,6,9,1689.6975,15.372983870360157,0.00919580279902174
4,0.012,0.26,1747.50075,16.3010674930388,8000,5,6,1728.379375,15.71529763192249,0.011063181658251356
4,0.0118,0.26,1762.571375,16.22115556743551,8000,6,8,1766.92375,16.107083061733643,-0.002463250041208591
4,0.0116,0.26,1794.80725,16.668479831208817,8000,6,7,1773.699375,16.624891975336265,0.011900480598635917
4,0.0114,0.26,1830.81475,16.981576510932495,8000,6,7,1804.87,16.55270243818969,0.014374858023015571
4,0.0112,0.26,1881.404875,17.87900675577298,8000,5,5,1874.84375,17.121361338252328,0.0034995582965246822
4,0.011,0.26,1911.3455,18.107003702686562,8000,5,7,1846.123625,16.903798990582608,0.03532909395490779
4,0.0108,0.26,1944.664375,18.494649042101507,8000,5,5,1937.52575,17.714997020379265,0.0036844026460035677
4,0.010599999999999998,0.26,1976.381625,18.43099280587989,8000,5,7,1973.891375,18.271957061951802,0.0012615942455293722
4,0.0104,0.26,2007.408625,18.677712368588978,8000,6,8,1951.087375,18.151262986665078,0.028866595479866686
4,0.0102,0.26,2041.755125,18.82665934839296,8000,8,9,2016.593,18.47379398859819,0.012477542568083809
4,0.009999999999999998,0.26,2107.197,19.934498256514193,8000,5,6,2065.791125,18.70978909289244,0.02004359225814755
4,0.0098,0.26,2115.82825,19.63433548621497,8000,8,8,2122.537125,19.369244661351942,-0.003160780992228726
4,0.009600000000000001,0.26,2216.893125,20.850107059578644,8000,5,8,2122.895875,19.425436761905686,0.04427784287818633
4,0.009399999999999999,0.26,2231.385,20.78580745685212,8000,6,7,2173.55825,20.19150654837211,0.02660464701141558
4,0.0092,0.26,2262.928625,21.067753466544364,8000,6,9,2244.63875,20.46459149743037,0.00814824879950056
4,0.009000000000000001,0.26,2318.631375,21.525085845680362,8000,6,6,2298.09675,20.862984127834384,0.008935491945671902
4,0.008799999999999999,0.26,2348.829,21.353501226448873,8000,8,10,2309.130125,20.955593396624113,0.0171921342024846
4,0.0086,0.26,2466.542875,23.13141290384318,8000,5,12,2431.13775,22.153827972324457,0.014563191657897719
4,0.0084,0.26,2521.338125,24.18176128724249,8000,5,5,2508.956125,23.0921614599004,0.004935120178715784
4,0.008199999999999999,0.26,2581.06725,24.389342395167983,8000,4,6,2510.952625,23.18484601850827,0.02792351568162309
4,0.008,0.26,2636.861875,24.2588616209717,8000,5,6,2568.49275,23.906201829842622,0.026618383485801225
4,0.0078,0.26,2678.080875,25.756223338071315,8000,8,8,2669.1635,25.030113317113692,0.003340887510263044
4,0.0076,0.26,2714.90625,25.757828245571446,8000,8,8,2734.119375,25.13810990233273,-0.00702717122583582
4,0.0074,0.26,2796.1225,25.862052388580597,8000,11,11,2778.31975,25.48211184717166,0.006407739785890315
4,0.0072,0.26,2899.678875,26.836296630148496,8000,7,8,2867.61725,26.17788089554476,0.011180580323263252
4,0.007,0.26,2973.40475,27.725125771866445,8000,7,8,2927.94375,27.011100411755237,0.015526596096663483
4,0.0068000000000000005,0.26,3063.637,28.955749407295475,8000,5,7,2973.09075,26.99412379686549,0.030455259396303436
4,0.0066,0.26,3167.751625,30.052798530532844,8000,5,5,3139.077375,28.814412758137866,0.009134610770784212
4,0.0063999999999999994,0.26,3260.43925,30.67166017942622,8000,7,8,3211.2275,29.021944481730653,0.015324903016058482
4,0.0062,0.26,3379.372875,31.99134082641955,8000,5,6,3336.99875,29.955567872569627,0.012698274160276453
4,0.006,0.26,3489.132,32.55888805738675,8000,6,7,3401.319125,30.800422977695938,0.025817299633711988
4,0.0058,0.26,3671.536125,34.254759263270934,8000,5,6,3598.15275,33.030494464362015,0.020394735882182845
4,0.0056,0.26,3732.269875,34.19640783145405,8000,7,7,3712.376875,33.6647278407624,0.005358561554987606
4,0.0054,0.26,3886.248375,37.0662934577116,8000,5,7,3851.309375,35.27187884552899,0.009071979578373994
4,0.0052,0.26,3976.337125,36.162368491580196,8000,10,17,3955.20625,35.94361784556607,0.005342546927862442
4,0.005,0.26,4147.831,38.61295957008113,8000,8,8,4124.781875,37.76204475407564,0.005587962151332053
4,0.015,0.28,1223.168875,11.282020241500211,8000,6,7,1210.335625,10.95667640492945,0.010603050703394883
4,0.0148,0.28,1222.585875,11.135165174902868,8000,7,7,1231.0065,11.357604372373325,-0.006840439104098941
4,0.014599999999999998,0.28,1240.452,11.248093645739837,8000,6,9,1238.651,11.410945772494182,0.0014540011673989937
4,0.0144,0.28,1252.937125,11.4949904019429,8000,8,9,1259.893875,11.373245961389951,-0.005521695230084404
4,0.0142,0.28,1281.50075,11.519934147664452,8000,7,7,1278.37225,11.52147405279749,0.0024472527466080645
4,0.013999999999999999,0.28,1285.142375,11.687734806460924,8000,7,7,1294.2155,11.669477350182486,-0.007010521045374683
4,0.0138,0.28,1326.1805,12.218727407750032,8000,5,7,1316.555,11.881974644111367,0.0073111263866681405
4,0.013600000000000001,0.28,1315.82675,11.898941995010723,8000,9,9,1322.61525,12.078022753647817,-0.005132633999192216
4,0.013399999999999999,0.28,1375.951125,12.541209103202553,8000,6,7,1345.8035,12.408797978425525,0.02240120864598737
4,0.0132,0.28,1400.82825,13.209047997258033,8000,5,8,1360.254875,12.203804639903405,0.029827774004485694
4,0.013000000000000001,0.28,1420.317,13.208628567766041,8000,5,6,1380.094125,12.711686646757826,0.029145022988921084
4,0.012799999999999999,0.28,1412.19175,12.852219004734566,8000,9,11,1420.71625,13.074652642506702,-0.006000142533739576
4,0.0126,0.28,1467.32775,13.688468227135308,8000,5,6,1426.798625,12.944517570714291,0.028405637831337288
4,0.0124,0.28,1474.409875,13.60432079534746,8000,6,6,1469.47625,13.300545319843765,0.0033574037008084483
4,0.012199999999999999,0.28,1523.69,14.078132758474954,8000,5,10,1477.759375,13.600950730028812,0.03108126111532871
4,0.012,0.28,1531.641,14.213377590414284,8000,5,5,1528.235375,13.8264572712711,0.002228468896684256
4,0.0118,0.28,1527.151375,14.07792833892351,8000,7,9,1521.662375,13.987159863046688,0.003607239089420086
4,0.0116,0.28,1570.692375,14.493380473165152,8000,6,6,1575.25975,14.25030094465969,-0.0028994424570296146
4,0.0114,0.28,1617.156375,14.731620073000434,8000,5,8,1560.302375,14.083619500072514,0.03643780904967221
4,0.0112,0.28,1661.635875,15.61560367715649,8000,5,6,1621.8155,14.741717234547226,0.02455296240540309
4,0.011,0.28,1647.56025,14.97464614731002,8000,8,10,1660.670375,14.974966354677075,-0.007894477553981732
4,0.0108,0.28,1656.6095,15.254401167223513,8000,8,9,1686.08375,15.419796969417739,-0.01748089322372034
4,0.010599999999999998,0.28,1727.10825,15.94400483262455,8000,5,6,1682.217375,15.326238722230904,0.026685537592904752
4,0.0104,0.28,1751.595,16.01022118506407,8000,6,6,1738.060875,15.879540434249181,0.007786910800808477
4,0.0102,0.28,1766.1135,16.0906227311423,8000,6,8,1787.980625,16.3427788857622,-0.012230068208932627
4,0.009999999999999998,0.28,1835.999875,17.268644926291174,8000,5,7,1782.129125,16.43320241764152,0.03022830907384449
4,0.0098,0.28,1857.264875,16.833626143768694,8000,5,7,1848.851875,16.794409364130203,0.004550391577475621
4,0.009600000000000001,0.28,1906.710125,17.609370548903122,8000,6,7,1851.589,16.854152513312343,0.029769633001708328
4,0.009399999999999999,0.28,1978.375125,18.338253585234032,8000,5,6,1910.849375,17.349141357149854,0.035338081003899124
4,0.0092,0.28,2003.27075,18.82195946594886,8000,4,6,1945.460375,17.24117935240844,0.029715524275327268
4,0.009000000000000001,0.28,2021.163875,18.266314142268577,8000,6,7,1978.45975,17.914731580243984,0.021584530592548053
4,0.008799999999999999,0.28,2077.1695,18.846968007058884,8000,6,6,2077.22725,18.582610705401656,-2.780148392523822e-05
4,0.0086,0.28,2119.337125,19.364966830955645,8000,8,9,2084.150375,18.669432079794706,0.016883018817680007
4,0.0084,0.28,2212.862375,20.310030860045163,8000,4,9,2137.480375,19.42049753993689,0.03526675654273553
4,0.008199999999999999,0.28,2215.536125,20.357214459423012,8000,6,10,2197.32475,19.48769501119324,0.00828797609456675
4,0.008,0.28,2368.50925,22.119138593525058,8000,4,5,2255.05975,20.289596721334345,0.05030886653890221
4,0.0078,0.28,2323.674625,21.1780526914714,8000,6,6,2315.1,21.01316434278669,0.0037037816940953725
