4,0.015,0.66,270.79075,2.0716862123099076,8000,4,8,268.327125,1.992014730333345,0.009181423607471585
4,0.0148,0.66,276.306875,2.0917561819156574,8000,4,4,277.04525,2.09157047363589,-0.002665178341805243
4,0.014599999999999998,0.66,281.8665,2.1634503459505776,8000,4,4,282.47225,2.1243546406078413,-0.0021444584379527567
4,0.0144,0.66,281.768375,2.1206262571638463,8000,4,4,282.14925,2.1247707118950396,-0.0013499061223802764
4,0.0142,0.66,284.937,2.135821527088452,8000,4,5,289.670875,2.1777569861908743,-0.01634225394596544
4,0.013999999999999999,0.66,288.571,2.1851140182571935,8000,4,4,288.187125,2.149680760793556,0.001332033830449733
4,0.0138,0.66,294.498125,2.2460942610427623,8000,4,8,298.454875,2.232119195401448,-0.013257448048050813
4,0.013600000000000001,0.66,299.3425,2.2673180860063815,8000,4,4,298.95075,2.259576419376885,0.0013104165150946935
4,0.013399999999999999,0.66,308.367,2.3120048842288563,8000,4,4,309.846375,2.3012959524858028,-0.004774543513700958
4,0.0132,0.66,310.561375,2.3163533497166973,8000,4,4,310.3635,2.315375518451096,0.0006375588624306998
4,0.013000000000000001,0.66,310.924125,2.414535025045494,8000,4,4,312.24425,2.3249675418704303,-0.004227860080690096
4,0.012799999999999999,0.66,321.33875,2.3955832292848314,8000,4,4,322.5465,2.425346029206745,-0.0037444213469995055
4,0.0126,0.66,320.681875,2.409051724789681,8000,5,5,320.82375,2.4181473828817497,-0.00044222100140662055
4,0.0124,0.66,327.567625,2.4896989282745823,8000,6,6,327.526,2.5200199980553375,0.0001270891471211765
4,0.012199999999999999,0.66,333.151375,2.5454156856401196,8000,6,6,332.1195,2.483279966826728,0.0031069389180700224
4,0.012,0.66,340.287625,2.5868645237749632,8000,4,4,341.043,2.5555647385199607,-0.0022148966552605243
4,0.0118,0.66,344.497625,2.5956860504602615,8000,4,4,344.55475,2.597805289921712,-0.00016579368010449715
4,0.0116,0.66,349.66475,2.613511838780555,8000,4,4,349.68225,2.5973577933268084,-5.004543410477393e-05
4,0.0114,0.66,358.292375,2.72442178190862,8000,4,4,355.704125,2.6697471470350305,0.007276412664598749
4,0.0112,0.66,366.1655,2.8467961566054227,8000,3,4,362.182125,2.7418117695527537,0.010998265030335286
4,0.011,0.66,368.14875,2.792245702599907,8000,8,8,369.2575,2.757016641328779,-0.0030026472041867432
4,0.0108,0.66,372.69925,2.8176528733405073,8000,4,9,379.06525,2.8919117735103725,-0.01679394246768857
4,0.010599999999999998,0.66,382.096125,2.9131409171414,8000,4,6,383.743875,2.839048805786588,-0.00429387960915345
4,0.0104,0.66,401.257875,3.0533420731081664,8000,3,6,390.646,3.0348266240972963,0.027164939612846408
4,0.0102,0.66,401.485,3.0256912863583825,8000,6,6,401.874,2.9733531303655694,-0.0009679650835834366
4,0.009999999999999998,0.66,406.951375,3.088205496801497,8000,4,8,409.244625,3.0850747553717315,-0.005603616663261003
4,0.0098,0.66,416.9635,3.152809270595962,8000,5,5,417.109875,3.2176713282135574,-0.0003509267192486817
4,0.009600000000000001,0.66,419.633,3.192654936658215,8000,4,5,424.813,3.2439837673315104,-0.012193600478328128
4,0.009399999999999999,0.66,426.185625,3.185831871212584,8000,4,5,434.184,3.317734981493538,-0.018421625393842265
4,0.0092,0.66,447.3945,3.4217577134347095,8000,3,14,444.071125,3.3485473265550647,0.007483879975308007
4,0.009000000000000001,0.66,455.488625,3.3615852171219265,8000,7,7,456.998375,3.483068033093858,-0.003303622250297929
4,0.008799999999999999,0.66,462.805625,3.4889089954693944,8000,4,5,467.688875,3.519028574911431,-0.010441236174369073
4,0.0086,0.66,474.371625,3.576665273063984,8000,5,6,465.372625,3.5248345658755067,0.019337192427251102
4,0.0084,0.66,488.68125,3.6869530063947935,8000,4,4,489.742625,3.662823836563244,-0.0021672097665585027
4,0.008199999999999999,0.66,507.50875,3.872223780343192,8000,5,8,501.6925,3.847209747280969,0.011593256825645241
4,0.008,0.66,510.53225,3.888863787655342,8000,3,11,509.586875,3.8779535675502625,0.0018551792567262566
4,0.0078,0.66,516.84325,3.8452233992712928,8000,6,8,518.946625,3.970743579304164,-0.004053162500093392
4,0.0076,0.66,537.170375,4.0387875872985495,8000,6,6,535.452375,3.989731619894034,0.0032085019699465795
4,0.0074,0.66,548.429,4.154717640641682,8000,5,5,550.3345,4.109701916799973,-0.003462439661696794
4,0.0072,0.66,565.697375,4.199116318806974,8000,7,10,571.446,4.341019944784881,-0.010059786926498848
4,0.007,0.66,583.944,4.449491717327701,8000,7,7,584.362625,4.41677323200847,-0.0007163788067384016
4,0.0068000000000000005,0.66,598.812125,4.5070723698889585,8000,6,10,607.227875,4.602641863784736,-0.013859294585249404
4,0.0066,0.66,617.856,4.706379998559015,8000,4,7,630.20775,4.725511328777764,-0.019599489216056195
4,0.0063999999999999994,0.66,642.128875,4.715322812192416,8000,6,8,630.18125,4.655549071881831,0.0189590296442492
4,0.0062,0.66,656.34125,4.983228212738427,8000,5,5,658.82675,4.890716548252321,-0.0037726154865448344
4,0.006,0.66,675.996,5.113499756939519,8000,4,4,677.369375,5.095303187147924,-0.0020275126846412417
4,0.0058,0.66,701.486375,5.3703541115512445,8000,3,5,701.5125,5.249899588795038,-3.724096149404717e-05
4,0.0056,0.66,726.2405,5.410430111295904,8000,5,5,731.420875,5.498993475156092,-0.007082618471888741
4,0.0054,0.66,753.44125,5.694338875076519,8000,4,4,748.255625,5.639940870854566,0.00693028535535561
4,0.0052,0.66,781.486375,5.872345480148856,8000,4,5,791.348375,5.959104168542774,-0.012462273647810397
4,0.005,0.66,822.02775,6.142207560129025,8000,4,5,803.25375,6.001347848993405,0.02337243990457561
4,0.015,0.6799999999999999,260.42375,1.9451019288025415,8000,4,4,261.019125,1.9662063083664896,-0.0022809631286595956
4,0.0148,0.6799999999999999,264.1075,1.9457499883324905,8000,5,6,259.172625,1.9377353451864034,0.019040880571395354
4,0.014599999999999998,0.6799999999999999,266.455625,2.0180838279540083,8000,4,4,264.69225,1.99364153769297,0.006661981980960895
4,0.0144,0.6799999999999999,271.30375,2.0942852082056187,8000,3,3,270.77975,2.070762436489453,0.001935152093167975
4,0.0142,0.6799999999999999,270.94675,2.033030930937957,8000,4,4,272.590875,2.0002488747433183,-0.006031474824679931
4,0.013999999999999999,0.6799999999999999,278.5775,2.1286046838730472,8000,4,5,275.218125,2.0654738856633097,0.012206227333319709
4,0.0138,0.6799999999999999,280.833125,2.086815226772757,8000,9,11,282.157375,2.1226773223079625,-0.004693302806634086
4,0.013600000000000001,0.6799999999999999,283.75275,2.0885494639312707,8000,5,7,283.793625,2.151081986119729,-0.00014403071950621932
4,0.013399999999999999,0.6799999999999999,289.78875,2.173180606489769,8000,4,8,290.033625,2.1955073587021263,-0.000844298656750503
4,0.0132,0.6799999999999999,295.4365,2.209070695764649,8000,6,6,296.65075,2.2081366265416804,-0.004093197135014803
4,0.013000000000000001,0.6799999999999999,295.779375,2.2003839406196684,8000,4,6,295.934,2.2329906905152987,-0.0005224982597471395
4,0.012799999999999999,0.6799999999999999,305.660625,2.288497505745942,8000,4,4,303.504125,2.2588217063461826,0.007105340001556796
4,0.0126,0.6799999999999999,307.15675,2.3118143082012748,8000,4,6,306.391625,2.251619897346728,0.0024972125135600946
4,0.0124,0.6799999999999999,314.79775,2.342610921089573,8000,4,5,311.05125,2.3259365614824263,0.012044638946154455
4,0.012199999999999999,0.6799999999999999,316.414875,2.388228452715442,8000,4,4,317.47375,2.3433165450747344,-0.0033353151244787968
4,0.012,0.6799999999999999,322.95925,2.439015557974404,8000,6,6,323.37975,2.398017254595211,-0.001300328793005759
4,0.0118,0.6799999999999999,331.057875,2.5002688635393384,8000,7,7,329.35225,2.476413644125167,0.005178725817115254
4,0.0116,0.6799999999999999,337.477125,2.49618758507835,8000,7,7,335.69425,2.490021265542735,0.005311008454866266
4,0.0114,0.6799999999999999,338.6325,2.532942686935625,8000,4,4,339.979625,2.5501026629689605,-0.003962369803778698
4,0.0112,0.6799999999999999,344.7525,2.5945629689976233,8000,7,7,346.7095,2.642053677004457,-0.005644494886929818
4,0.011,0.6799999999999999,351.64875,2.6186170796540527,8000,12,13,354.678875,2.645641336987554,-0.008543291449201755
4,0.0108,0.6799999999999999,361.783875,2.751833644440354,8000,5,6,356.179875,2.6806182352236254,0.015733623355334275
4,0.010599999999999998,0.6799999999999999,370.41025,2.813101885311716,8000,3,5,365.367375,2.731191253745193,0.013802203877672543
4,0.0104,0.6799999999999999,370.46,2.7996112949703154,8000,4,9,372.69675,2.8124499420903977,-0.006001528051961894
4,0.0102,0.6799999999999999,379.9505,2.8395944879200146,8000,4,5,384.744125,2.8959291375686793,-0.012459254576012097
4,0.009999999999999998,0.6799999999999999,384.399875,2.863274252591557,8000,5,6,391.02975,2.9922089181561877,-0.016954911998383677
4,0.0098,0.6799999999999999,396.67325,2.966791887682348,8000,6,6,394.956625,2.9334929877775124,0.004346363350659131
4,0.009600000000000001,0.6799999999999999,406.328,3.0509440378250536,8000,3,4,402.965375,2.994657396911921,0.00834469959112487
4,0.009399999999999999,0.6799999999999999,413.904625,3.0511373180246824,8000,6,9,414.9185,3.065362739678532,-0.002443552167473816
4,0.0092,0.6799999999999999,423.319,3.1454412009555326,8000,7,10,427.165625,3.1612776811745134,-0.00900499659821635
4,0.009000000000000001,0.6799999999999999,433.54075,3.278645973547185,8000,4,4,432.034625,3.2026199714216546,0.0034861210487469544
4,0.008799999999999999,0.6799999999999999,439.0855,3.323180107513302,8000,3,5,436.1545,3.2221412295213914,0.006720095745888304
4,0.0086,0.6799999999999999,453.0695,3.4871159357931387,8000,4,4,450.991,3.36764949987662,0.00460873942052063
4,0.0084,0.6799999999999999,462.711,3.490384076466393,8000,4,4,463.42775,3.4817739108373993,-0.0015466272790094905
4,0.008199999999999999,0.6799999999999999,476.624125,3.5951708555794877,8000,4,5,473.673,3.532400036997179,0.006230300228216492
4,0.008,0.6799999999999999,483.225375,3.6216593831039074,8000,3,4,487.624875,3.6481205553308644,-0.00902230428667116
4,0.0078,0.6799999999999999,499.793375,3.7793444516806387,8000,6,8,501.620375,3.7037314062339366,-0.0036421965515256393
4,0.0076,0.6799999999999999,506.839125,3.8208564352140493,8000,4,4,507.9885,3.811056288415711,-0.0022626004328837436
4,0.0074,0.6799999999999999,526.659875,3.922336861910937,8000,4,4,523.76725,3.981501121257786,0.00552272980030742
4,0.0072,0.6799999999999999,537.256125,4.048138139895056,8000,5,6,543.274375,4.034029878583274,-0.011077735812590032
4,0.007,0.6799999999999999,558.4575,4.255503932518886,8000,4,7,554.512375,4.118942044542895,0.007114584232678237
4,0.0068000000000000005,0.6799999999999999,568.508375,4.335153028320314,8000,4,4,570.662625,4.222955443255723,-0.0037749975302834088
4,0.0066,0.6799999999999999,590.840125,4.4805702319094864,8000,3,3,586.723875,4.342689943829927,0.007015651101636051
4,0.0063999999999999994,0.6799999999999999,611.641375,4.626136612404918,8000,4,4,609.73375,4.552449387505083,0.003128619663910769
4,0.0062,0.6799999999999999,623.639875,4.676286745949112,8000,4,8,624.470375,4.708796149011076,-0.0013299269801230029
4,0.006,0.6799999999999999,644.430125,4.864122817994434,8000,4,5,650.193,4.872268667584038,-0.008863329811302195
4,0.0058,0.6799999999999999,675.988875,5.247094624685584,8000,3,6,670.88625,4.959568682512296,0.007605797555099675
4,0.0056,0.6799999999999999,705.252625,5.386519175734454,8000,3,4,697.581125,5.238974178204812,0.01099728723307977
4,0.0054,0.6799999999999999,716.547625,5.404126002529347,8000,4,4,718.50675,5.261021559572435,-0.002726661927671482
4,0.0052,0.6799999999999999,750.330875,5.639398055834134,8000,4,8,757.279125,5.689121645950023,-0.009175282627789364
4,0.005,0.6799999999999999,772.756,5.710083011787148,8000,5,6,767.80675,5.798334996393016,0.006445957918447587
4,0.015,0.7,247.816625,1.815114145445486,8000,4,4,246.896125,1.8208440885403654,0.0037282885666997632
4,0.0148,0.7,250.092125,1.816218936045708,8000,9,9,249.320375,1.821286472499394,0.003095414885365856
4,0.014599999999999998,0.7,256.264125,1.8761937688456725,8000,3,5,253.572625,1.8316815287745924,0.010614316115550686
4,0.0144,0.7,256.925,1.9255557035492208,8000,6,6,256.85875,1.9043713998609262,0.00025792385893034603
4,0.0142,0.7,259.02725,1.9387873837129725,8000,4,5,262.003,1.9297987302481594,-0.011357694377545314
4,0.013999999999999999,0.7,265.784875,1.965169259136838,8000,7,9,263.36775,1.9588647273662627,0.009177756198319644
4,0.0138,0.7,268.888625,1.9764318861147803,8000,5,6,272.307,2.0432392198880462,-0.012553386435163348
4,0.013600000000000001,0.7,270.79425,1.9759497809431517,8000,6,7,268.020625,1.9735852524136726,0.010348550601282947
4,0.013399999999999999,0.7,275.372,2.0406398912830594,8000,4,4,275.061625,2.0468015589567154,0.0011283835031514187
4,0.0132,0.7,280.3995,2.1023000072857894,8000,3,3,279.971125,2.1018307937343534,0.001530068502600105
4,0.013000000000000001,0.7,283.8975,2.102618077734602,8000,6,6,285.719375,2.1301361416172204,-0.00637644891950374
4,0.012799999999999999,0.7,286.597375,2.1096876486841714,8000,4,6,288.628375,2.1294763056088324,-0.007036730189815904
4,0.0126,0.7,295.426375,2.219711093157634,8000,3,3,294.67175,2.1755483220454748,0.002560900391707155
4,0.0124,0.7,300.271,2.22998193317856,8000,3,4,295.601375,2.1712643958125497,0.01579703409701662
4,0.012199999999999999,0.7,305.2065,2.2922959622540175,8000,3,12,304.026,2.271753148351704,0.003882891594797797
4,0.012,0.7,311.04025,2.3340345393537025,8000,4,4,308.850625,2.2808542289053375,0.007089592258393633
4,0.0118,0.7,313.710125,2.3308023896628396,8000,4,4,315.905,2.352839822167798,-0.006947895728146018
4,0.0116,0.7,316.1505,2.3130613197778356,8000,5,5,317.839875,2.3672791606507047,-0.005315176391885958
4,0.0114,0.7,324.736125,2.3933473905995255,8000,6,6,323.606375,2.383025158366587,0.0034911240546481857
4,0.0112,0.7,330.168125,2.452863279599293,8000,5,5,328.917375,2.4556432961168024,0.003802626723504595
4,0.011,0.7,336.284875,2.550041045762044,8000,9,9,337.950375,2.5292571427707196,-0.004928238354521751
4,0.0108,0.7,340.92275,2.5346182854201706,8000,3,3,343.134,2.5223977068999193,-0.006444275414269664
4,0.010599999999999998,0.7,347.354875,2.571091480289412,8000,4,5,351.951875,2.5856539348213015,-0.013061444835320114
4,0.0104,0.7,356.619375,2.667450674162234,8000,7,7,354.829875,2.6436591028330496,0.005043261929396377
4,0.0102,0.7,357.955875,2.6522110210465093,8000,3,3,359.743375,2.6865269970241115,-0.004968819787160841
4,0.009999999999999998,0.7,370.08325,2.753733315124404,8000,3,3,368.881,2.7262477823459745,0.0032591811451390808
4,0.0098,0.7,373.24175,2.827700676964767,8000,3,3,375.721125,2.7624814458081164,-0.006598976834214333
4,0.009600000000000001,0.7,387.753875,2.9088197570033256,8000,7,7,389.464125,2.824302284334524,-0.004391290211903421
4,0.009399999999999999,0.7,395.529625,2.9414488191092754,8000,4,4,398.483125,2.9667323136292376,-0.007411857152043673
4,0.0092,0.7,401.713375,2.9557995686911784,8000,4,5,399.89425,2.968178058547127,0.004549015145879155
4,0.009000000000000001,0.7,414.08075,3.09668753878944,8000,4,6,411.967625,3.100011318467926,0.005129347239361406
4,0.008799999999999999,0.7,422.793,3.1434984637659618,8000,3,3,423.79275,3.092653362249327,-0.002359054042335566
4,0.0086,0.7,427.10025,3.1612380906498343,8000,5,6,434.221375,3.1972812371493613,-0.016399756921224817
4,0.0084,0.7,441.30175,3.311711059389813,8000,3,3,443.9195,3.281495942885142,-0.00589690247894044
4,0.008199999999999999,0.7,446.174,3.309840484601061,8000,6,8,449.173125,3.345559667720497,-0.006676991193540462
4,0.008,0.7,463.086625,3.439982064773655,8000,5,5,462.068125,3.4446079885485363,0.00220422042745324
4,0.0078,0.7,476.57975,3.548791040759312,8000,3,3,475.134625,3.4917063972124307,0.003041506394108747
4,0.0076,0.7,491.840875,3.6250553328604633,8000,3,5,484.0275,3.5473517401739025,0.016142419593928047
4,0.0074,0.7,500.67325,3.7604910297264067,8000,3,9,497.373375,3.646896104348623,0.006634603229414895
4,0.0072,0.7,516.819,3.891772818791474,8000,4,4,514.79825,3.8348569631875713,0.003925324143972725
4,0.007,0.7,531.298625,3.9513860843395334,8000,5,6,536.344875,3.9296482400070585,-0.009408591813243272
4,0.0068000000000000005,0.7,539.0275,4.026257419933578,8000,4,5,546.744625,3.994992093553455,-0.014114679225241601
4,0.0066,0.7,565.5365,4.33470034351883,8000,3,3,562.25775,4.188080908761133,0.005831400278608982
4,0.0063999999999999994,0.7,573.976,4.225831871936724,8000,6,6,574.6975,4.251900474367226,-0.0012554430809251682
4,0.0062,0.7,594.900875,4.4768689275350235,8000,5,9,595.36075,4.459772603944011,-0.0007724308329025904
4,0.006,0.7,622.87025,4.592620253266759,8000,4,7,613.21875,4.5164018315737495,0.015739081689853832
4,0.0058,0.7,638.795,4.743649484250357,8000,6,6,634.132125,4.678846826751392,0.007353160037429086
4,0.0056,0.7,667.31775,4.963562631680698,8000,7,10,653.813,4.782280633874662,0.02065537087821756
4,0.0054,0.7,687.747625,5.146230970635967,8000,3,3,684.253875,5.058254811002227,0.005105926510098284
4,0.0052,0.7,715.507875,5.405826187373588,8000,5,6,698.84,5.143741087141385,0.023850774140003406
4,0.005,0.7,738.63725,5.540663053840146,8000,4,4,741.0865,5.396966720616469,-0.003304944834374943
4,0.015,0.72,233.562375,1.7112960601385145,8000,5,5,235.134,1.7247238716108044,-0.0066839546811604585
4,0.0148,0.72,238.907125,1.765374041270715,8000,6,6,239.013875,1.7368510149093233,-0.0004466267910179073
4,0.014599999999999998,0.72,242.43925,1.7475683661387837,8000,5,5,240.874,1.7501056305162683,0.006498210682763569
4,0.0144,0.72,244.846875,1.7682541230822204,8000,4,7,244.928875,1.762647325113106,-0.00033479106944819646
4,0.0142,0.72,249.761,1.8623625963893429,8000,5,5,250.502125,1.8141954415313295,-0.0029585577367857094
4,0.013999999999999999,0.72,251.57275,1.8442926277008649,8000,3,3,252.438875,1.8568783956923094,-0.0034310286004878704
4,0.0138,0.72,254.02275,1.8613343935924795,8000,4,4,252.662125,1.8695507293001508,0.0053851561645814495
4,0.013600000000000001,0.72,258.057375,1.9212055578433318,8000,3,5,260.478375,1.9019307582351839,-0.009294437590068845
4,0.013399999999999999,0.72,264.982125,1.9343532843082494,8000,4,4,263.06525,1.93121931530579,0.00728669027931285
4,0.0132,0.72,269.673625,1.9975544056408974,8000,3,4,265.676875,1.9388785648965934,0.015043650298882882
4,0.013000000000000001,0.72,273.1535,2.0379442277827904,8000,8,12,274.806375,2.0242803380228205,-0.006014689433605732
4,0.012799999999999999,0.72,272.63075,2.0030453250928906,8000,5,8,275.285125,2.037141602670385,-0.009642275440781684
4,0.0126,0.72,277.906125,2.0625109094783016,8000,8,8,279.367125,2.0418989077383274,-0.00522967761507376
4,0.0124,0.72,290.547125,2.113142976187135,8000,4,5,283.3225,2.041601665393807,0.025499651457261612
4,0.012199999999999999,0.72,291.701375,2.1613360327455973,8000,3,6,284.956,2.059632784357639,0.02367163702466334
4,0.012,0.72,294.941875,2.1927636588603203,8000,4,6,295.7505,2.1827664061041214,-0.0027341458425260696
4,0.0118,0.72,299.369625,2.1990842831177377,8000,4,6,296.359375,2.163868405226058,0.010157431328096116
4,0.0116,0.72,306.71175,2.258759951789292,8000,8,8,305.94375,2.190015839135449,0.0025102653674081337
4,0.0114,0.72,308.843,2.248613840102439,8000,5,5,310.01525,2.2567318905405913,-0.0037812655990308954
4,0.0112,0.72,315.659375,2.2857804846494276,8000,3,5,313.416625,2.31271581974181,0.007155810576417255
4,0.011,0.72,319.374375,2.329210077685817,8000,5,7,319.9725,2.3313214882774025,-0.001869301268077846
4,0.0108,0.72,326.078625,2.3793045539419126,8000,3,3,324.668875,2.4020779080181436,0.0043421162561393485
4,0.010599999999999998,0.72,334.105625,2.452731904483107,8000,3,5,331.92525,2.404957438103547,0.006568873564153283
4,0.0104,0.72,343.187625,2.5050446832522884,8000,4,4,341.2925,2.464491565526918,0.0055527882974281805
4,0.0102,0.72,345.970625,2.5777007754828065,8000,4,5,343.808375,2.5388032965119054,0.006289113812308882
4,0.009999999999999998,0.72,354.139,2.6573842547719155,8000,3,3,352.232875,2.5178570501112443,0.005411547687023908
4,0.0098,0.72,362.397125,2.6663966986855394,8000,5,5,361.8775,2.6927508622911156,0.0014359140869493658
4,0.009600000000000001,0.72,363.373625,2.643325419775113,8000,4,7,368.3575,2.7182500075152523,-0.013529994638360862
4,0.009399999999999999,0.72,377.39075,2.8118655707204714,8000,3,3,376.294625,2.7463398131303456,0.002912943547891573
4,0.0092,0.72,384.059125,2.8422023974310475,8000,3,3,383.988125,2.8426681952536397,0.0001849015513174256
4,0.009000000000000001,0.72,392.159,2.898264219849703,8000,3,3,392.756875,2.930958738927496,-0.001522252156629945
4,0.008799999999999999,0.72,402.6375,2.973697828935545,8000,3,8,395.85375,2.8743955236397927,0.017137010827862557
4,0.0086,0.72,410.0245,2.970640047869398,8000,5,5,410.909625,3.0141929281809348,-0.0021540624656821226
4,0.0084,0.72,418.010625,3.107999455492325,8000,3,3,420.31675,3.0513832080492582,-0.005486635971561944
4,0.008199999999999999,0.72,434.669375,3.2194842976253986,8000,6,7,427.429,3.144429492090551,0.01693936302871361
4,0.008,0.72,440.63675,3.2749823484031912,8000,6,6,443.872375,3.263116556041894,-0.007289539025716504
4,0.0078,0.72,446.295625,3.213953051249252,8000,4,6,452.787625,3.338214599500976,-0.014337847683005955
4,0.0076,0.72,462.389875,3.356964841665618,8000,6,6,463.58,3.4031223731282148,-0.0025672483713705648
4,0.0074,0.72,475.825125,3.454148442185046,8000,3,4,470.4925,3.4079226467621795,0.011334133912867915
4,0.0072,0.72,491.411875,3.5893887091900836,8000,3,4,493.011125,3.6765267678936704,-0.0032438416070225263
4,0.007,0.72,507.9485,3.7478881097064662,8000,4,4,506.675375,3.7053830327819854,0.002512703523434606
4,0.0068000000000000005,0.72,516.144125,3.7912370067536294,8000,7,10,510.08575,3.7190341969101213,0.011877169671962041
4,0.0066,0.72,541.024875,4.045310646205967,8000,4,4,537.886,3.9182092029930975,0.005835576683535145
4,0.0063999999999999994,0.72,552.217375,4.048950031635796,8000,3,4,549.39525,4.055415332782803,0.005136784491675009
4,0.0062,0.72,566.38025,4.235062070245788,8000,3,3,568.79375,4.177346525231798,-0.004243190084279229
4,0.006,0.72,588.97425,4.329395833358555,8000,6,6,588.10525,4.326830831964169,0.0014776266663153036
4,0.0058,0.72,609.116375,4.442307771308095,8000,4,4,606.092125,4.425866008872061,0.004989753001657856
4,0.0056,0.72,632.8325,4.703346523517461,8000,5,5,637.113625,4.645693091841396,-0.0067195627781464805
4,0.0054,0.72,655.770375,4.780517698780486,8000,4,4,654.8455,4.845062641645506,0.001412356044288201
4,0.0052,0.72,683.605875,4.953403612010481,8000,4,5,685.52075,4.996827488571975,-0.002793314425566333
4,0.005,0.72,704.6155,5.144166266343918,8000,8,9,709.54175,5.244293060277997,-0.006942861360871269
4,0.015,0.74,227.30475,1.6497509018589627,8000,4,5,223.517,1.6454649329993989,0.016946138325049178
4,0.0148,0.74,227.8125,1.6611041362111127,8000,3,3,228.7255,1.6643463224503132,-0.003991684355264327
4,0.014599999999999998,0.74,229.800875,1.6925085047523776,8000,3,4,231.8595,1.685135934534209,-0.008878760628742866
4,0.0144,0.74,232.772125,1.7076597216552447,8000,3,3,233.522,1.705415068852634,-0.003211153552984314
4,0.0142,0.74,236.675,1.7133550861778233,8000,3,3,238.278625,1.7235606006989448,-0.006730041353898168
4,0.013999999999999999,0.74,240.147875,1.7624600890356998,8000,3,3,241.611,1.7836398809816203,-0.0060557052452081695
4,0.0138,0.74,244.427375,1.7603478189711945,8000,5,7,244.167625,1.783912461786266,0.001063818350201118
4,0.013600000000000001,0.74,247.66275,1.7671963315981587,8000,3,3,248.051,1.8266880014816007,-0.0015652023172653983
4,0.013399999999999999,0.74,252.732875,1.8599440401886762,8000,4,8,248.752125,1.781097791473252,0.016002878367370733
4,0.0132,0.74,254.306375,1.85528321069693,8000,4,5,259.991375,1.8604515943966558,-0.02186610998153305
4,0.013000000000000001,0.74,259.139625,1.8925259751990915,8000,6,6,259.519375,1.8704210622062925,-0.0014632818840597213
4,0.012799999999999999,0.74,264.93,1.9029965924178225,8000,3,4,261.169,1.867984443687964,0.014400637135341577
4,0.0126,0.74,269.272375,1.951485162997684,8000,4,6,268.9765,1.9712009214189266,0.0011000031601274597
4,0.0124,0.74,270.878,1.9486304975166486,8000,5,6,273.40325,2.002588449979722,-0.00923635691967827
4,0.012199999999999999,0.74,275.06075,2.0195625127171812,8000,5,5,276.059375,1.9955962847649429,-0.003617428315919371
4,0.012,0.74,280.874875,2.0543324265577483,8000,5,5,280.77025,2.02891900797193,0.00037263563358296914
4,0.0118,0.74,284.84175,2.075609138308334,8000,5,9,288.350125,2.075108615026227,-0.01216706599312208
4,0.0116,0.74,291.023,2.1087585753746567,8000,4,4,289.8195,2.099808298233416,0.004152584625948287
4,0.0114,0.74,297.086375,2.145696941838642,8000,5,6,293.972875,2.1326969292255966,0.010591113210700095
4,0.0112,0.74,299.13,2.2132551352107357,8000,3,3,300.918875,2.1985994088025325,-0.005944708519862766
4,0.011,0.74,306.908125,2.2306569173751094,8000,3,7,309.05375,2.3076853195483444,-0.0069425625801337
4,0.0108,0.74,312.743875,2.291610296350983,8000,3,3,311.684375,2.2801928998858862,0.003399272100181519
4,0.010599999999999998,0.74,315.50875,2.3074112339383723,8000,3,5,316.625,2.312968174142659,-0.0035254638768258337
4,0.0104,0.74,325.630375,2.4085984863875716,8000,3,5,319.3155,2.3046658568668312,0.019776287089101622
4,0.0102,0.74,329.88225,2.440168547136548,8000,4,4,329.389625,2.385166486236507,0.0014955692669432906
4,0.009999999999999998,0.74,342.12725,2.5339758986939045,8000,5,8,336.316375,2.439550129806088,0.01727800200034866
4,0.0098,0.74,345.2595,2.508679499073643,8000,4,7,347.57,2.5369761983567916,-0.0066475817820870345
4,0.009600000000000001,0.74,351.21625,2.5418061003494463,8000,4,7,350.517125,2.5416826392021483,0.001994553047871715
4,0.009399999999999999,0.74,358.42575,2.5917897498891844,8000,3,3,358.144125,2.6548227032744154,0.0007863454412382712
4,0.0092,0.74,367.2255,2.7189394998729277,8000,4,4,365.478375,2.6350906764576556,0.004780378592851034
4,0.009000000000000001,0.74,375.20225,2.725513237615668,8000,3,5,373.368125,2.6601609282886622,0.004912377027364003
4,0.008799999999999999,0.74,384.495875,2.8212954956734477,8000,4,4,383.34125,2.780692108024483,0.0030120030129812798
4,0.0086,0.74,390.209,2.839347376874802,8000,4,4,391.775625,2.83765657774405,-0.003998781190126333
4,0.0084,0.74,396.75025,2.8774858122920746,8000,3,4,404.747375,2.9389512955373838,-0.019758312206471958
4,0.008199999999999999,0.74,408.928,2.964153789947699,8000,4,4,410.195125,2.9537395498876284,-0.0030890786427557404
4,0.008,0.74,423.9015,3.129596557912164,8000,4,4,423.300625,3.085826921738327,0.0014194994396712114
4,0.0078,0.74,436.727875,3.1948672165192478,8000,3,3,434.747375,3.1402714474702096,0.004555519167884582
4,0.0076,0.74,441.49675,3.211277370295707,8000,7,7,443.7775,3.23995031832695,-0.005139399811842545
4,0.0074,0.74,454.098375,3.296702712486635,8000,6,6,450.9065,3.2415203746099026,0.00707879571485437
4,0.0072,0.74,467.9225,3.3877391017087497,8000,3,5,469.87375,3.46182604542939,-0.0041527112336025565
4,0.007,0.74,482.474375,3.515478446848836,8000,4,4,482.275125,3.490982560298581,0.00041314591956200593
4,0.0068000000000000005,0.74,498.944125,3.6424149559340364,8000,6,6,496.108125,3.6552888492319537,0.005716495773980749
4,0.0066,0.74,510.30975,3.709062233192967,8000,5,5,513.35775,3.738200961213895,-0.0059373799265716775
4,0.0063999999999999994,0.74,527.93225,3.8359807401135373,8000,5,5,527.1395,3.791212542384882,0.0015038713661183717
4,0.0062,0.74,541.06325,3.9272602030891117,8000,7,7,542.64925,3.885364305316532,-0.002922698225419113
4,0.006,0.74,566.9455,4.164735954345116,8000,3,5,566.264625,4.036998307900738,0.0012023972007787253
4,0.0058,0.74,576.31375,4.193315282297442,8000,5,8,582.974875,4.265512342311249,-0.011426092762573978
4,0.0056,0.74,601.424625,4.367423818159522,8000,3,3,598.065125,4.340524162381466,0.005617281228361252
4,0.0054,0.74,624.677375,4.464880201266897,8000,5,5,624.475625,4.527356694508655,0.00032307105661641677
4,0.0052,0.74,650.1595,4.753930773811712,8000,4,4,652.913875,4.732786820793002,-0.0042185885542713915
4,0.005,0.74,675.480125,4.884376540168286,8000,4,4,673.202125,4.869269369662644,0.0033838277025640996
4,0.015,0.76,215.93525,1.5735268624265792,8000,3,3,215.083875,1.553079557528219,0.003958339508249933
4,0.0148,0.76,219.777,1.577738988684298,8000,3,4,216.57,1.5646894801033664,0.014808145172461531
4,0.014599999999999998,0.76,219.285125,1.581911117585242,8000,3,3,219.78775,1.5684426078180038,-0.0022868653962743366
4,0.0144,0.76,223.698875,1.607363497942706,8000,6,6,224.927,1.6689545972122621,-0.005460104834012838
4,0.0142,0.76,228.062,1.6385329736652308,8000,3,5,225.212,1.607415815898503,0.012654743086514141
4,0.013999999999999999,0.76,232.589,1.6762475441752835,8000,4,5,228.32225,1.6576574108146234,0.01868740343965602
4,0.0138,0.76,236.383875,1.7454520588472957,8000,5,5,236.627,1.698955334176988,-0.0010274609406366157
4,0.013600000000000001,0.76,237.400375,1.708068337783427,8000,3,4,235.125,1.6690600418507757,0.009677299308878243
4,0.013399999999999999,0.76,242.76175,1.7442356974154052,8000,3,5,241.488375,1.7330474358148047,0.005273028153011571
4,0.0132,0.76,244.7925,1.777905690074448,8000,3,8,248.22875,1.771733612998612,-0.01384307820911156
4,0.013000000000000001,0.76,247.778,1.7779490490738585,8000,4,5,249.626875,1.792165110226897,-0.007406554282266366
4,0.012799999999999999,0.76,252.024375,1.8174330917499537,8000,4,5,254.35875,1.8346040724274837,-0.00917749045393561
4,0.0126,0.76,257.127875,1.86851718046149,8000,4,5,254.75725,1.8356309410318967,0.009305427029064013
4,0.0124,0.76,262.0555,1.908222323334773,8000,4,9,263.4305,1.9082129220263193,-0.005219593023586867
4,0.012199999999999999,0.76,265.3025,1.9135003830501947,8000,4,4,265.11925,1.9202092898026164,0.0006911983946846063
4,0.012,0.76,267.452375,1.916308894125536,8000,5,5,268.110125,1.8873005242526035,-0.0024532829560240015
4,0.0118,0.76,275.43625,1.9619111865551353,8000,4,6,272.847875,1.9580220275588316,0.009486513318089742
4,0.0116,0.76,280.467,2.010372128397335,8000,3,3,279.831125,2.0145789381571912,0.002272352655552518
4,0.0114,0.76,282.170625,2.0541918336720317,8000,7,7,281.881375,2.0132940640309367,0.0010261408722019372
4,0.0112,0.76,290.723875,2.1080658588398506,8000,5,6,286.11425,2.0302563535117453,0.016111133926394766
4,0.011,0.76,296.957,2.133436457693286,8000,4,5,292.67775,2.1287247832957563,0.01462102944279157
4,0.0108,0.76,298.106625,2.1795105104751915,8000,4,4,299.7705,2.1358846844789925,-0.005550496129539159
4,0.010599999999999998,0.76,306.166375,2.1666174724565286,8000,3,3,305.421375,2.2069714271199086,0.0024392529828667184
4,0.0104,0.76,307.09575,2.1920961890859085,8000,4,11,308.07025,2.225891574410087,-0.003163239553316095
4,0.0102,0.76,317.438875,2.284938263843357,8000,3,3,318.128375,2.2577213609800038,-0.00216736403975285
4,0.009999999999999998,0.76,323.83875,2.3289745160352724,8000,4,4,324.08325,2.331782292531221,-0.0007544357815469215
4,0.0098,0.76,328.957125,2.367946901042666,8000,6,8,333.540375,2.3986831361355065,-0.01374121498784057
4,0.009600000000000001,0.76,337.041125,2.445956322076906,8000,4,6,338.743,2.4026244193875956,-0.005024089058666814
4,0.009399999999999999,0.76,342.87375,2.432466474694153,8000,3,5,339.121125,2.433871791652977,0.011065736468053903
4,0.0092,0.76,346.609875,2.5245070388412847,8000,6,8,350.326,2.570657612960229,-0.010607619759880893
4,0.009000000000000001,0.76,356.429875,2.520312463450658,8000,5,6,359.600625,2.607125272133897,-0.008817420714994582
4,0.008799999999999999,0.76,365.25525,2.593143434866053,8000,5,7,371.40325,2.6839878255146066,-0.016553436190986547
4,0.0086,0.76,381.0645,2.763436960416869,8000,3,3,380.439,2.698338402126677,0.0016441532019587585
4,0.0084,0.76,390.24625,2.7872526042237644,8000,3,4,380.22925,2.7833157899173044,0.026344632876087248
4,0.008199999999999999,0.76,395.420125,2.842630909924696,8000,7,7,397.130125,2.827055954032649,-0.004305893439839237
4,0.008,0.76,404.555875,2.9318952517474,8000,4,4,404.95025,2.9041157252054126,-0.0009738850636589758
4,0.0078,0.76,414.765875,2.9642908264580794,8000,5,5,412.67475,2.9769412813706584,0.005067247269187118
4,0.0076,0.76,423.66875,3.069545459688751,8000,4,6,421.917,3.065454296899694,0.004151882953282318
4,0.0074,0.76,437.800875,3.1536159903761494,8000,3,4,441.2015,3.1538958984700254,-0.0077076460528805795
4,0.0072,0.76,451.388625,3.2333518243385866,8000,4,4,449.92825,3.2413628988316674,0.0032457953018064528
4,0.007,0.76,464.7975,3.3029005509513807,8000,4,5,460.045125,3.2927862352786734,0.010330236626244065
4,0.0068000000000000005,0.76,473.625,3.3890276146553617,8000,4,7,469.19375,3.318752209550411,0.009444392641632538
4,0.0066,0.76,488.636625,3.6232350602726453,8000,3,4,491.937625,3.5229695002664156,-0.006710200302325004
4,0.0063999999999999994,0.76,507.450625,3.648996231595882,8000,4,8,510.7575,3.6132475048645887,-0.0064744521617401424
4,0.0062,0.76,522.650375,3.7303263006014022,8000,4,5,516.608375,3.7004871192820574,0.01169551306635327
4,0.006,0.76,539.143,3.88738644246287,8000,4,5,542.5465,3.9691081792307017,-0.006273195016464042
4,0.0058,0.76,564.10975,4.117757021848006,8000,3,4,558.370125,3.9921191450743434,0.01027924801671639
4,0.0056,0.76,583.473875,4.211130024761314,8000,3,3,580.293375,4.2091299996475415,0.005480848372601276
4,0.0054,0.76,602.00475,4.344376894878629,8000,5,5,599.841125,4.323094992798145,0.003606996769352736
4,0.0052,0.76,615.479,4.476953134085234,8000,3,3,616.535125,4.439350119185733,-0.001713000536668453
4,0.005,0.76,644.3665,4.7475316314683695,8000,3,7,642.862125,4.643758036388536,0.0023401207529530252
4,0.015,0.78,205.375375,1.4556375149390848,8000,5,5,205.446125,1.4664630966844305,-0.00034437252101982387
4,0.0148,0.78,208.835875,1.4656206442091824,8000,6,7,210.494625,1.5194610159892423,-0.007880248723690812
4,0.014599999999999998,0.78,210.155,1.49972118819809,8000,3,5,214.106125,1.5226840479558732,-0.01845404936453822
4,0.0144,0.78,214.312125,1.5175437449214653,8000,3,4,213.29175,1.5395055602086753,0.004783940307114557
4,0.0142,0.78,218.5365,1.548352594837007,8000,3,9,217.6255,1.5414425080405851,0.004186090324893
4,0.013999999999999999,0.78,221.51,1.557985436734771,8000,3,3,220.002625,1.5663208375471607,0.00685162279313711
4,0.0138,0.78,224.09825,1.6141603994311018,8000,4,4,223.25775,1.6156964651507488,0.00376470693626546
4,0.013600000000000001,0.78,226.3335,1.6291297558632125,8000,5,5,225.328625,1.6328525878115459,0.004459597621030167
4,0.013399999999999999,0.78,230.92625,1.6566451711275005,8000,4,4,231.217625,1.648994881301862,-0.0012601764246994059
4,0.0132,0.78,234.974,1.6803208790383064,8000,3,5,236.196125,1.6782480793449532,-0.005174195808673853
4,0.013000000000000001,0.78,237.20925,1.6780894343935948,8000,3,4,236.135625,1.680956195316744,0.0045466455982657965
4,0.012799999999999999,0.78,244.589,1.7603005065497113,8000,3,4,239.274125,1.6884516520123383,0.022212493724509497
4,0.0126,0.78,246.60975,1.7664117995806923,8000,3,5,244.2365,1.7189268918939542,0.009717016088913755
4,0.0124,0.78,246.719375,1.753185289810727,8000,3,3,246.430625,1.7844411210945021,0.0011717293660234867
4,0.012199999999999999,0.78,253.1055,1.8171585970656527,8000,3,3,251.9665,1.750082602224271,0.004520442201641925
4,0.012,0.78,259.25375,1.8468183231187125,8000,3,3,259.97375,1.851373110131046,-0.002769510383259735
4,0.0118,0.78,261.674,1.872946797619553,8000,3,3,263.225125,1.908282407869789,-0.005892769544700618
4,0.0116,0.78,266.73725,1.879334318978398,8000,6,6,268.23825,1.94879162161203,-0.00559577166940202
4,0.0114,0.78,272.350625,1.9366396480190775,8000,4,5,268.5065,1.9164013329616978,0.014316692519547805
4,0.0112,0.78,277.635875,1.9829773932563672,8000,3,5,279.358625,1.9918922817879616,-0.0061668044077752
4,0.011,0.78,280.976,2.0013806546520834,8000,3,6,278.90625,1.9446390356540622,0.007420952380952378
4,0.0108,0.78,286.153125,2.0629311553189904,8000,7,7,286.20725,2.0358931903012443,-0.0001891112122421745
4,0.010599999999999998,0.78,292.21075,2.1014059130510967,8000,5,5,294.203875,2.0997935670265453,-0.006774638845256419
4,0.0104,0.78,297.2245,2.1207194622576675,8000,3,3,297.860625,2.133067250917863,-0.0021356464957395745
4,0.0102,0.78,306.255125,2.1838744911288797,8000,3,3,305.86275,2.148580747018365,0.0012828466362772696
4,0.009999999999999998,0.78,311.416125,2.243952596375399,8000,4,4,310.685875,2.2146711654570606,0.0023504448021655707
4,0.0098,0.78,315.886,2.238262881810582,8000,4,7,318.155375,2.270173504419583,-0.0071329142246927876
4,0.009600000000000001,0.78,325.6965,2.325808280789417,8000,4,4,323.38075,2.34554213742143,0.007161063235829705
4,0.009399999999999999,0.78,328.18075,2.309535289638686,8000,4,6,331.078125,2.38893946928528,-0.008751333238944769
4,0.0092,0.78,337.5315,2.4557588697125827,8000,3,6,335.122375,2.4093344008671402,0.007188791855512535
4,0.009000000000000001,0.78,343.81625,2.465119337863976,8000,3,4,345.685,2.4278074219313086,-0.005405933147229348
4,0.008799999999999999,0.78,354.814,2.5056547974023613,8000,3,3,354.895875,2.5029045018720217,-0.00023070146983243512
4,0.0086,0.78,359.310625,2.5442391247147227,8000,3,5,356.4435,2.524706336879536,0.008043701175642267
4,0.0084,0.78,367.680625,2.6591117936761477,8000,3,3,369.193375,2.635364624388171,-0.004097446223134374
4,0.008199999999999999,0.78,375.41075,2.730667954730044,8000,4,5,380.414375,2.705641621338238,-0.01315309128368243
4,0.008,0.78,385.562375,2.710559046112578,8000,5,5,386.016625,2.8180849149111222,-0.0011767627883902717
4,0.0078,0.78,397.92125,2.80847325228598,8000,3,5,403.427625,2.8461141794071962,-0.013648978549746046
4,0.0076,0.78,405.406,2.885768779187076,8000,3,4,411.105625,2.9277561048132204,-0.013864137713999825
4,0.0074,0.78,418.801875,2.992772942050713,8000,3,3,420.2085,3.0679779989586,-0.0033474453753315784
4,0.0072,0.78,428.74525,3.0669281078641277,8000,4,7,429.165875,3.0672918763939667,-0.0009800988953281283
4,0.007,0.78,446.937,3.203082905013083,8000,3,4,436.7065,3.098973080754035,0.0234264889576867
4,0.0068000000000000005,0.78,453.645625,3.2896269106193947,8000,3,5,454.677375,3.2686639319837094,-0.002269191423918967
4,0.0066,0.78,470.23425,3.394802227470349,8000,9,9,472.473875,3.3844189744932454,-0.004740209180878088
4,0.0063999999999999994,0.78,485.697125,3.495950654198207,8000,4,5,479.941125,3.4083485691149416,0.011993137699962738
4,0.0062,0.78,496.489625,3.5826435591827916,8000,7,7,499.43475,3.5339202706575894,-0.00589691646406266
4,0.006,0.78,512.938375,3.690145038609007,8000,3,3,515.3755,3.6101555666440017,-0.004728833636833798
4,0.0058,0.78,537.711125,3.8406171381731804,8000,7,7,534.25525,3.7953019752142345,0.006468584071003498
4,0.0056,0.78,553.30075,3.937480611904753,8000,4,6,555.212625,3.916623399920941,-0.0034435005868247485
4,0.0054,0.78,572.289875,4.0606268033322195,8000,4,4,571.380375,4.059414390263872,0.0015917592549448234
4,0.0052,0.78,593.578125,4.16547463645248,8000,4,4,592.185125,4.219902378607522,0.0023523049485581543
4,0.005,0.78,614.398375,4.314369170337903,8000,4,6,620.38025,4.399770642340955,-0.009642271816357885
4,0.015,0.8,197.83125,1.400241963509962,8000,4,4,196.762625,1.3765752902420139,0.0054310365090931125
4,0.0148,0.8,200.919125,1.4098699438021232,8000,6,6,201.01,1.4238273984432135,-0.0004520919357245049
4,0.014599999999999998,0.8,203.3905,1.4416692763968313,8000,3,3,202.155125,1.4336607184184962,0.006111024887447226
4,0.0144,0.8,206.62725,1.4741095747295978,8000,3,3,205.933625,1.4283533860163387,0.0033681969129616264
4,0.0142,0.8,206.995375,1.463350479133167,8000,4,4,207.09275,1.4584868156427102,-0.0004701999466422632
4,0.013999999999999999,0.8,212.332875,1.501324885544695,8000,3,6,210.006125,1.4813320623750856,0.01107943875446492
4,0.0138,0.8,216.91025,1.548449643645072,8000,7,7,217.335625,1.5375463318052331,-0.001957226294584712
4,0.013600000000000001,0.8,219.86075,1.5600067600225656,8000,3,3,218.567125,1.523687790720181,0.0059186622873865025
4,0.013399999999999999,0.8,221.420375,1.5576258319190313,8000,4,4,221.688625,1.5535924023035237,-0.0012100305101355325
4,0.0132,0.8,225.052875,1.5888185242318158,8000,5,5,225.514625,1.5753955914856372,-0.0020475390454166554
4,0.013000000000000001,0.8,226.0175,1.617296706404956,8000,3,5,228.970125,1.6033184088946848,-0.012895241245992173
4,0.012799999999999999,0.8,232.4985,1.6253455207975,8000,8,8,231.492,1.6252885320310186,0.0043478824322223525
4,0.0126,0.8,235.699625,1.6859466764274875,8000,3,3,235.679375,1.6760617719699666,8.59218164508639e-05
4,0.0124,0.8,239.1605,1.7086895237885782,8000,3,3,238.617,1.664016000909069,0.002277708629309827
4,0.012199999999999999,0.8,244.23925,1.7448708703580234,8000,5,6,242.145375,1.6787688943877197,0.008647181471048114
4,0.012,0.8,246.562875,1.752881347230605,8000,3,3,247.5195,1.7307679988814197,-0.003864847012053606
4,0.0118,0.8,251.437875,1.7650022263917808,8000,3,6,255.388,1.843191671786298,-0.015467151941359869
4,0.0116,0.8,256.697625,1.80437344415885,8000,3,3,256.75225,1.8523103200280449,-0.00021275373438786716
4,0.0114,0.8,261.687,1.8808178908037045,8000,5,5,261.55925,1.8683306519076848,0.0004884170603792136
4,0.0112,0.8,265.19175,1.8817370521100572,8000,4,5,263.459125,1.888958203029092,0.006576447105409773
4,0.011,0.8,270.031375,1.9253405405540105,8000,4,4,268.301875,1.9023211174811676,0.0064460973297336445
4,0.0108,0.8,275.45375,1.943532163941781,8000,4,4,275.95775,1.9554557979635876,-0.0018263665361815797
4,0.010599999999999998,0.8,284.97525,2.0329387434626556,8000,4,4,285.127375,2.0420746793887576,-0.000533533477800774
4,0.0104,0.8,289.717375,2.0462474534727657,8000,3,5,280.60775,1.984644606225209,0.03246391092191856
4,0.0102,0.8,292.10275,2.074182110612081,8000,3,4,290.834125,2.0511766039868773,0.00436202251025406
4,0.009999999999999998,0.8,296.331125,2.0670875293540543,8000,6,6,297.69425,2.1194706789932423,-0.004578942992684692
4,0.0098,0.8,302.5965,2.1309181926488217,8000,8,14,303.753625,2.140976469820596,-0.0038094195583674357
4,0.009600000000000001,0.8,308.81475,2.1955170369840333,8000,3,3,310.02025,2.121873617454217,-0.003888455673459951
4,0.009399999999999999,0.8,315.427,2.2773479774951664,8000,3,4,318.360375,2.2428221690579204,-0.009214007867656129
4,0.0092,0.8,321.099875,2.2628599971979955,8000,4,5,325.9985,2.2987772055048783,-0.015026526195672624
4,0.009000000000000001,0.8,329.99175,2.32965102552502,8000,9,11,329.566625,2.3246239060709923,0.0012899516144877742
4,0.008799999999999999,0.8,337.46225,2.389602589225663,8000,6,7,340.68325,2.4118476171901397,-0.009454529977625855
4,0.0086,0.8,346.519875,2.4529510562246397,8000,5,6,348.60025,2.4504052709687,-0.0059677954906802375
4,0.0084,0.8,355.29125,2.5221873716720404,8000,4,5,351.774375,2.48036012770128,0.009997530377248116
4,0.008199999999999999,0.8,360.679,2.498736853263611,8000,4,6,361.111,2.534936249957564,-0.0011963080604025255
4,0.008,0.8,373.562125,2.659141265821449,8000,4,7,368.275375,2.580347729425584,0.014355426289362908
4,0.0078,0.8,384.227875,2.725129097322305,8000,7,7,383.258,2.687017823042428,0.0025306060147472506
4,0.0076,0.8,386.26925,2.695945494547021,8000,4,4,388.046875,2.721018177255881,-0.004580954298369238
4,0.0074,0.8,403.141,2.827942458253597,8000,4,4,400.762625,2.77097089951869,0.00593462277077361
4,0.0072,0.8,413.073375,2.967110399556118,8000,3,3,411.89575,2.8533258741002863,0.002859036540192458
4,0.007,0.8,426.1535,3.0328719217485043,8000,4,4,428.145,3.0550433561757373,-0.004651461537563148
4,0.0068000000000000005,0.8,434.023,3.11966416512866,8000,4,5,439.784625,3.1099954744834575,-0.01310101507072918
4,0.0066,0.8,451.741625,3.1711059541651223,8000,5,6,453.241,3.1855023219274816,-0.0033081186388697987
4,0.0063999999999999994,0.8,463.671625,3.2207866471462725,8000,5,7,463.679625,3.3176717868285377,-1.7253292076358446e-05
4,0.0062,0.8,480.862125,3.374259928035078,8000,4,4,482.168125,3.4061946696627605,-0.00270859879010041
4,0.006,0.8,494.539,3.536634249374924,8000,7,7,497.783625,3.549091804770237,-0.006518143299711768
4,0.0058,0.8,517.146,3.7388763415680373,8000,3,5,512.59525,3.6421650634235867,0.008877862211949864
4,0.0056,0.8,530.006625,3.7444070486068792,8000,10,10,527.84575,3.8128877929047884,0.004093762240199969
4,0.0054,0.8,552.5005,3.9368779867115555,8000,4,4,550.80275,3.9147454231432075,0.0030823193965535613
4,0.0052,0.8,573.388375,4.069527434841211,8000,3,3,575.7785,4.006794714788188,-0.004151118876442958
4,0.005,0.8,592.176125,4.200776596788391,8000,3,3,594.94775,4.250105468050573,-0.004658602373065677
4,0.015,0.82,188.3255,1.8646589837605507,4000,3,3,188.59075,1.8745163760341972,-0.0014064846764754307
4,0.0148,0.82,191.44225,1.3476501806824255,8000,5,5,192.260875,1.339214488267281,-0.004257886582488493
4,0.014599999999999998,0.82,194.505375,1.354486531165615,8000,4,4,194.679,1.3549742347262905,-0.0008918527422064807
4,0.0144,0.82,196.892875,1.3684042681840938,8000,5,7,197.25675,1.3515119040293464,-0.0018446770516091706
4,0.0142,0.82,201.380875,1.4153510840037784,8000,3,3,202.1795,1.4192973584991733,-0.003950079013945465
4,0.013999999999999999,0.82,202.91125,1.4076186234926482,8000,3,3,202.573125,1.42488840395038,0.0016691503376866546
4,0.0138,0.82,208.05375,1.4425714398816034,8000,3,9,206.95675,1.464053814883967,0.005300624405823962
4,0.013600000000000001,0.82,209.161875,1.4500843904849081,8000,5,6,211.152,1.4615744975886449,-0.009425082405091961
4,0.013399999999999999,0.82,211.661375,1.484863789147918,8000,7,10,216.138,1.5186467143415456,-0.020711883148729113
4,0.0132,0.82,216.160375,1.4832278828543108,8000,4,4,216.486,1.5420006918826985,-0.0015041388357676815
4,0.013000000000000001,0.82,219.126375,1.5208985743152272,8000,5,5,219.9595,1.5270214432121618,-0.0037876290862635872
4,0.012799999999999999,0.82,222.048,1.5391959577242056,8000,4,4,221.09125,1.5287690844414275,0.004327398755038924
4,0.0126,0.82,227.261625,1.5858625467461134,8000,4,6,225.132875,1.595765644495869,0.009455527097053225
4,0.0124,0.82,228.535625,1.6070700009974472,8000,6,9,230.18575,1.5949705788072064,-0.007168667043898255
4,0.012199999999999999,0.82,232.74275,1.6332628623408652,8000,4,4,234.240125,1.6478200666318352,-0.006392478658385301
4,0.012,0.82,237.09175,1.693042609668155,8000,3,3,238.46425,1.6819861696597131,-0.005755579714779059
4,0.0118,0.82,240.736,1.6853126873392854,8000,4,6,242.98925,1.7146743310501802,-0.009273043972109912
4,0.0116,0.82,246.200125,1.730055595831715,8000,3,6,244.737125,1.7176688839139347,0.005977842552493915
4,0.0114,0.82,250.29,1.7829498313925318,8000,3,3,248.99375,1.7540007386518077,0.0052059539647078944
4,0.0112,0.82,253.414125,1.7700027996233172,8000,4,4,254.5435,1.781712426183011,-0.004436864425923199
4,0.011,0.82,258.141375,1.8125074507215237,8000,3,3,259.313,1.7815422540527552,-0.004518188444081114
4,0.0108,0.82,266.338875,1.8672072394892854,8000,4,14,266.085875,1.8959186842445814,0.0009508208581157715
4,0.010599999999999998,0.82,270.378375,1.9134132495237022,8000,6,6,268.50475,1.9109341595408122,0.006977995733781261
4,0.0104,0.82,272.905,1.9170997380941672,8000,3,4,273.9865,1.9109872347153853,-0.0039472747744870845
4,0.0102,0.82,278.989,1.9281771426042933,8000,5,9,280.537875,1.9247096639095571,-0.005521090512288259
4,0.009999999999999998,0.82,283.365,1.9864682016998274,8000,4,4,282.346625,1.9574958577907209,0.0036068254756011046
4,0.0098,0.82,288.883875,2.0720473275275317,8000,3,3,289.047125,2.0113344954496926,-0.0005647867973085877
4,0.009600000000000001,0.82,299.279875,2.1269003120715917,8000,3,3,297.506375,2.060014741151539,0.0059612167974552235
4,0.009399999999999999,0.82,303.013,2.145038592938516,8000,3,7,301.79025,2.121737356341107,0.004051655081633559
4,0.0092,0.82,310.6465,2.1524737638079903,8000,9,12,313.288125,2.1780652417105624,-0.008431934660785423
4,0.009000000000000001,0.82,318.9915,2.2304282306835783,8000,6,8,317.010625,2.2107975975348424,0.00624860759793136
4,0.008799999999999999,0.82,325.05025,2.2523171723133877,8000,6,6,323.71825,2.2709101740809854,0.004114689239794153
4,0.0086,0.82,331.469375,2.2936054433478508,8000,4,4,333.17825,2.304721226820905,-0.005129011272494461
4,0.0084,0.82,340.988875,2.3778589756475896,8000,5,7,342.447,2.3908871596755223,-0.0042579581657891455
4,0.008199999999999999,0.82,347.39,2.4240320640785593,8000,3,3,345.387875,2.4339647404579985,0.005796743733404012
4,0.008,0.82,353.892125,2.467325752063131,8000,6,6,355.4575,2.5286661465640035,-0.00440383168170586
4,0.0078,0.82,365.915,2.5095097171564333,8000,3,3,364.67425,2.541629392902031,0.0034023515507334238
4,0.0076,0.82,371.964125,2.6406389688896414,8000,6,6,372.103875,2.6550890188156173,-0.0003755671719355039
4,0.0074,0.82,385.352625,2.695607916886536,8000,3,3,386.063,2.76488316570339,-0.0018400494219855286
4,0.0072,0.82,397.480625,2.8151346683553693,8000,9,10,402.322375,2.8221928303123365,-0.012034503425269467
4,0.007,0.82,410.04775,2.8742131166846696,8000,4,4,411.7,2.8913620162976237,-0.004013237794510519
4,0.0068000000000000005,0.82,420.491875,2.975220892499907,8000,4,4,419.785,2.876215148389021,0.0016838977095417133
4,0.0066,0.82,434.20725,3.0021779254762224,8000,5,8,436.709875,3.0982406559539273,-0.005730635241531974
4,0.0063999999999999994,0.82,446.563625,3.1131215941141606,8000,4,4,444.259125,3.10475664793308,0.00518728793696701
4,0.0062,0.82,460.237125,3.207774286062781,8000,4,5,465.42475,3.3156314537990896,-0.01114600158242557
4,0.006,0.82,479.406,3.34424430708915,8000,3,7,481.45925,3.388415332015464,-0.004264639219207007
4,0.0058,0.82,493.851875,3.436214486975181,8000,4,5,488.80425,3.4732943872827393,0.01032647527103126
4,0.0056,0.82,517.631,3.626707758907666,8000,6,7,504.215,3.497238642005989,0.026607697113334584
4,0.0054,0.82,528.488625,3.6747091612471374,8000,6,8,529.83275,3.669755051934303,-0.0025368854605534977
4,0.0052,0.82,548.04225,3.8576914485584797,8000,4,6,555.153,3.913899557199058,-0.012808631134119878
4,0.005,0.82,566.852625,3.9670788941701476,8000,4,4,569.829,4.017109990896424,-0.005223277509568593
4,0.015,0.84,180.225,1.7740068683187813,4000,5,5,179.833,1.7669311430177583,0.002179800147914987
4,0.0148,0.84,184.78975,1.7814164300799278,4000,6,8,187.22725,1.822167521244478,-0.013018938215457418
4,0.014599999999999998,0.84,189.3735,1.8796000834102686,4000,3,3,187.85375,1.8130989485363647,0.008090070067805493
4,0.0144,0.84,189.5115,1.8438001156996826,4000,3,9,190.81725,1.8504908922350676,-0.006842934797561484
4,0.0142,0.84,192.4875,1.8933153452836828,4000,6,7,191.39575,1.8889936096235673,0.005704149648046098
4,0.013999999999999999,0.84,195.2915,1.8845589066159822,4000,9,11,196.40875,1.9313074018471224,-0.005688392192302961
4,0.0138,0.84,197.039,1.901170983243454,4000,4,8,198.114,1.9164350189337098,-0.005426168771515476
4,0.013600000000000001,0.84,201.541875,1.3680165941924078,8000,3,3,202.23175,1.385588904516317,-0.0034113090550816115
4,0.013399999999999999,0.84,204.4895,1.4372932547696298,8000,6,6,203.221,1.406808678785903,0.006241973024441317
4,0.0132,0.84,207.226125,1.4530010411433787,8000,5,5,207.0025,1.4237093032783343,0.0010803009625487538
4,0.013000000000000001,0.84,210.67075,1.4540501133115016,8000,3,3,209.4385,1.4367147362552253,0.005883588738460185
4,0.012799999999999999,0.84,214.789125,1.4632777243415265,8000,3,4,214.023875,1.4886812946775034,0.0035755356732981723
4,0.0126,0.84,217.89025,1.505452219904534,8000,3,7,217.321,1.4832167171737793,0.0026193971130264028
4,0.0124,0.84,221.7485,1.5068372944839652,8000,3,3,221.830875,1.5421313960302232,-0.0003713414555119289
4,0.012199999999999999,0.84,226.42075,1.5716672022581686,8000,3,3,225.6295,1.5710336516321253,0.003506855264936504
4,0.012,0.84,230.111375,1.5820927986464997,8000,3,3,228.87375,1.5660409994373319,0.0054074571679802
4,0.0118,0.84,234.3415,1.6377030102745989,8000,3,3,233.237,1.6206372124867467,0.004735526524522274
4,0.0116,0.84,235.536,1.6507765792693854,8000,3,3,234.641,1.5942467653938086,0.0038143376477257182
4,0.0114,0.84,240.70575,1.6696297991846811,8000,3,4,243.61225,1.704656059598938,-0.011930845021134997
4,0.0112,0.84,246.045875,1.703427608386301,8000,4,7,246.8915,1.7022441479150805,-0.003425087538453177
4,0.011,0.84,252.52025,1.7522080471143358,8000,6,8,250.37475,1.7447388477965875,0.008569154836899481
4,0.0108,0.84,254.203625,1.772085854301873,8000,5,5,254.27475,1.7768613479492192,-0.0002797171170162331
4,0.010599999999999998,0.84,259.13175,1.8379892238641031,8000,3,3,260.066,1.7939135385304847,-0.0035923573246789786
4,0.0104,0.84,264.07425,1.8313634821199867,8000,3,5,264.87475,1.8630741516956666,-0.003022183126175672
4,0.0102,0.84,268.56875,1.8655293894542515,8000,4,4,268.501875,1.8697643322469317,0.0002490671620078581
4,0.009999999999999998,0.84,275.07825,1.9107784556053296,8000,3,4,271.781625,1.880554453559248,0.012129683160147437
4,0.0098,0.84,278.646375,1.9343342838519748,8000,3,6,277.518625,1.9567371190090368,0.004063691220724345
4,0.009600000000000001,0.84,286.449875,1.9654753347083664,8000,4,5,288.6695,2.0182005259361895,-0.007689156630679748
4,0.009399999999999999,0.84,293.492375,2.0800314517664065,8000,3,3,291.5615,2.016135025184008,0.006622530752516904
4,0.0092,0.84,298.134375,2.054123117054434,8000,3,4,299.789375,2.0624877004973894,-0.005520542547580378
4,0.009000000000000001,0.84,306.29675,2.1471599115204234,8000,4,4,304.653875,2.088162963499452,0.005392595121266541
4,0.008799999999999999,0.84,308.281875,2.089511575108729,8000,5,6,311.5885,2.1616680184631742,-0.010612153529414586
4,0.0086,0.84,317.52875,2.1795525593799234,8000,5,6,325.844125,2.270174601509367,-0.0255194872701787
4,0.0084,0.84,324.38,2.2164049382065234,8000,4,4,324.6785,2.2271020301392417,-0.0009193710085515056
4,0.008199999999999999,0.84,333.21875,2.259800242708812,8000,3,7,332.308625,2.318375265932024,0.002738794396323579
4,0.008,0.84,344.55825,2.419663777773034,8000,5,5,343.13625,2.348428179145844,0.0041441264220844305
4,0.0078,0.84,350.186125,2.4145192944431924,8000,4,4,351.399625,2.4202601056972837,-0.0034533332242457867
4,0.0076,0.84,359.871,2.5001842252162145,8000,4,4,359.564125,2.5088694681069095,0.0008534638988246976
4,0.0074,0.84,372.296375,2.58790853193822,8000,7,11,375.081125,2.641647759841891,-0.007424393856129055
4,0.0072,0.84,381.460375,2.5895058522432945,8000,4,4,379.762875,2.641090873288331,0.004469894536162838
4,0.007,0.84,392.158375,2.7388269892336283,8000,6,7,388.82625,2.711933089191586,0.008569701762676676
4,0.0068000000000000005,0.84,406.532375,2.818616095456974,8000,3,4,398.041125,2.6934614849786103,0.021332594716186624
4,0.0066,0.84,415.028875,2.8689611083342417,8000,4,4,416.099875,2.884020874282719,-0.0025739012779082654
4,0.0063999999999999994,0.84,427.900625,2.9907335949363087,8000,4,8,430.855125,3.0495928601791915,-0.006857293388351818
4,0.0062,0.84,441.431625,3.061376658300628,8000,3,7,448.7685,3.077163473533557,-0.016348908178715798
4,0.006,0.84,454.72875,3.1456295158618204,8000,4,4,457.84,3.140620428288704,-0.006795496243229041
4,0.0058,0.84,473.96925,3.2985334549499217,8000,3,5,477.462125,3.3103272087460125,-0.007315501726969498
4,0.0056,0.84,488.0625,3.438300252348086,8000,3,3,488.916625,3.4388269794110697,-0.0017469747525971537
4,0.0054,0.84,504.294,3.5361081647934838,8000,7,7,502.8455,3.4865474486385097,0.0028806064685872046
4,0.0052,0.84,528.623375,3.6872269504194013,8000,3,6,526.754375,3.644691847777131,0.0035481432878465002
4,0.005,0.84,544.9805,3.7683381614487743,8000,3,3,546.636625,3.7837563659650173,-0.0030296634441572125
4,0.015,0.86,176.58125,1.7582181128467709,4000,4,4,176.61625,1.6894832671298798,-0.00019816976070999464
4,0.0148,0.86,179.03775,1.7587898656980874,4000,3,10,180.367,1.7432476318143837,-0.007369696230463454
4,0.014599999999999998,0.86,178.6265,1.723887596843001,4000,3,3,179.30825,1.713208854497652,-0.003802111726593695
4,0.0144,0.86,185.41475,1.8137369485509771,4000,3,3,187.14975,1.7886967505003992,-0.009270650909231851
4,0.0142,0.86,183.55225,1.8072171496366618,4000,3,4,187.28425,1.8207931128698678,-0.01992692925326075
4,0.013999999999999999,0.86,190.11425,1.8891312165709218,4000,3,3,188.7435,1.7751257546435124,0.007262501755027255
4,0.0138,0.86,192.405,1.8243332115232314,4000,3,3,193.009,1.860927085394344,-0.0031293877487577524
4,0.013600000000000001,0.86,193.5135,1.9430313744682668,4000,3,6,190.785,1.8184682841543096,0.014301438792357873
4,0.013399999999999999,0.86,198.7855,1.8710023810554006,4000,3,3,197.566,1.898429593039977,0.00617262079507613
4,0.0132,0.86,198.67325,1.9104844238550658,4000,4,4,199.1665,1.9495413235632042,-0.0024765711101014352
4,0.013000000000000001,0.86,204.753,1.9964810559836839,4000,5,5,206.4845,2.014938878628494,-0.008385617322365655
4,0.012799999999999999,0.86,209.93725,2.037472981942929,4000,3,3,209.4305,2.030245494177775,0.002419657117755107
4,0.0126,0.86,210.47725,2.04396959334869,4000,3,7,209.97325,1.9751286140071593,0.002400305753232808
4,0.0124,0.86,211.4155,2.028921103727,4000,4,5,218.44775,2.180910282404884,-0.032191908591413756
4,0.012199999999999999,0.86,214.93625,2.0819894852132443,4000,7,7,215.21275,2.0782618434479945,-0.0012847751817678026
4,0.012,0.86,222.0525,2.1527614896790963,4000,4,4,220.26325,2.14483765574501,0.008123234357070505
4,0.0118,0.86,221.82375,2.1430977902370683,4000,3,3,220.6215,2.098478427900938,0.005449378233762314
4,0.0116,0.86,230.425,2.2340483067089614,4000,3,5,225.00625,2.177620647784133,0.024082664370434232
4,0.0114,0.86,232.00175,2.261327477882169,4000,4,4,233.101,2.2074450226748645,-0.004715766985126671
4,0.0112,0.86,234.4095,2.296318950541966,4000,5,5,233.9385,2.24640412933995,0.00201334966241129
4,0.011,0.86,239.8775,2.3091292770094065,4000,3,4,244.72,2.3574809286783784,-0.019787920889179474
4,0.0108,0.86,243.08875,2.276245382558695,4000,7,7,243.40325,2.3897725128189777,-0.0012920944975057217
4,0.010599999999999998,0.86,249.60525,2.4164770992091205,4000,3,3,250.3545,2.448386480220521,-0.0029927562716068187
4,0.0104,0.86,256.42475,2.510084254582035,4000,3,4,248.966,2.3756856234664943,0.029958910051975002
4,0.0102,0.86,258.1405,2.5555208836329575,4000,3,6,257.9185,2.485125158055485,0.0008607370157626536
4,0.009999999999999998,0.86,265.278,2.6365253166689597,4000,3,3,264.9185,2.560830344331817,0.001357021121590321
4,0.0098,0.86,268.199,2.626557833222565,4000,4,4,267.61975,2.624869453877059,0.002164451614651018
4,0.009600000000000001,0.86,272.884,2.6379442893128693,4000,6,7,272.28775,2.6062302702446996,0.0021897790113583797
4,0.009399999999999999,0.86,281.601,2.7343346487295244,4000,5,5,279.89475,2.7219345648000317,0.006096041458441116
4,0.0092,0.86,286.13725,2.8270303108038877,4000,7,7,287.137,2.7768982424122384,-0.0034817874394453027
4,0.009000000000000001,0.86,290.7585,2.7436208116696914,4000,5,5,290.388,2.8606225553803997,0.001275879168560855
4,0.008799999999999999,0.86,304.2955,2.975857204481234,4000,4,5,296.383,2.9326135115715575,0.026696875326857557
4,0.0086,0.86,300.69975,2.937013732075486,4000,3,4,312.43025,3.019119334197127,-0.037545980262794675
4,0.0084,0.86,315.1265,2.9978292345407813,4000,3,4,310.16875,2.9739964243492936,0.015984040945453186
4,0.008199999999999999,0.86,320.9965,3.1078774867352217,4000,3,3,322.72475,3.0800628960656478,-0.005355182706005493
4,0.008,0.86,329.96025,3.155655987059036,4000,5,6,339.06425,3.3422874841777297,-0.0268503683298963
4,0.0078,0.86,341.3685,3.248539545585417,4000,3,4,340.42975,3.2436713754991326,0.002757543957306817
4,0.0076,0.86,350.42075,3.3348628731111254,4000,5,5,352.71075,3.413031400667867,-0.006492572171389787
4,0.0074,0.86,354.48875,3.333699049959114,4000,4,4,354.9335,3.4383542523173216,-0.0012530516279810136
4,0.0072,0.86,367.44025,3.42895164880417,4000,3,3,365.60275,3.5786746448458806,0.005025946878134744
4,0.007,0.86,376.79175,3.633086435765988,4000,3,3,377.52975,3.5959465529450356,-0.0019548128326310698
4,0.0068000000000000005,0.86,392.03075,3.70983404861679,4000,4,5,387.63825,3.8037071086870693,0.01133144110520565
4,0.0066,0.86,408.161,3.963350909566057,4000,3,4,401.198,3.8965062574380096,0.01735552021695029
4,0.0063999999999999994,0.86,415.37725,3.9861898519128824,4000,4,6,417.45025,3.9991870899696003,-0.004965861201424551
4,0.0062,0.86,423.97225,4.041057739862003,4000,3,3,426.252,4.185734653874773,-0.005348362001820602
4,0.006,0.86,441.1305,4.2846337228486915,4000,3,4,438.31275,4.322292957848038,0.006428628872876706
4,0.0058,0.86,454.90125,4.49149031457498,4000,3,3,453.70975,4.369638064009076,0.0026261282681274076
4,0.0056,0.86,473.99275,4.553724412595238,4000,3,3,475.1865,4.505317805279573,-0.002512171536859786
4,0.0054,0.86,498.013,4.934181808596039,4000,4,5,486.67775,4.823567007506307,0.023291079158642394
4,0.0052,0.86,505.6355,4.893752035727219,4000,3,5,511.406,4.9811460147143825,-0.011283598549880187
4,0.005,0.86,530.526,5.202834307106733,4000,3,3,528.26475,5.093586562568361,0.004280524112199241
4,0.015,0.88,170.5815,1.6650235855154067,4000,5,8,167.851,1.6566467847408959,0.01626740382839546
4,0.0148,0.88,170.6155,1.630545295116746,4000,4,4,171.124,1.6441927725994805,-0.0029715294172646617
4,0.014599999999999998,0.88,174.5895,1.6771345183036515,4000,4,6,173.4385,1.684592574622457,0.006636358132709762
4,0.0144,0.88,177.038,1.6775380539590212,4000,3,3,177.5485,1.7055719072558053,-0.0028752707006816677
4,0.0142,0.88,179.113,1.732825432276629,4000,3,4,174.56975,1.6791772740880662,0.02602541391048564
4,0.013999999999999999,0.88,182.14725,1.7349230909156241,4000,5,5,181.627,1.7563229373651872,0.0028643869028283477
4,0.0138,0.88,186.3355,1.8232291822753044,4000,3,3,185.15725,1.780369184809131,0.006363509935473719
4,0.013600000000000001,0.88,188.952,1.786696706293508,4000,3,4,182.81675,1.7198056867737819,0.03355956169224092
4,0.013399999999999999,0.88,189.20175,1.737861668122281,4000,4,7,187.219,1.8000669626481967,0.010590538353479135
4,0.0132,0.88,193.7265,1.8390389312043183,4000,5,7,193.885,1.903413595248979,-0.0008174949067746533
4,0.013000000000000001,0.88,195.05125,1.8845064996030492,4000,4,5,198.9175,1.9129428927872536,-0.019436449784458278
4,0.012799999999999999,0.88,199.63175,1.9045227321283602,4000,2,5,202.906,1.9452607282380443,-0.016136782549554942
4,0.0126,0.88,204.464,2.00338552565179,4000,7,7,202.68025,1.9668354310637168,0.008800808169518233
4,0.0124,0.88,205.84125,1.9662829028964603,4000,3,3,205.95775,2.0223293055754845,-0.0005656499937487278
4,0.012199999999999999,0.88,207.89625,1.9921239007384426,4000,6,6,208.8275,2.000638229233003,-0.00445942225042189
4,0.012,0.88,214.32325,2.003152788764042,4000,3,11,213.3075,2.07609634409027,0.004761904761904748
4,0.0118,0.88,217.87375,2.1187309486913652,4000,3,3,216.63225,2.080136202064461,0.005730910333064454
4,0.0116,0.88,219.18975,2.1630282265868903,4000,3,3,218.9115,2.1041805259670485,0.001271061593383692
4,0.0114,0.88,230.22,2.2666928274677014,4000,1,4,226.49725,2.2449554738077144,0.016436181896248146
4,0.0112,0.88,227.858,2.2104507418444164,4000,3,3,230.04525,2.1944981216922703,-0.009507912030350577
4,0.011,0.88,231.34575,2.19632033353203,4000,6,6,233.195,2.244104330197507,-0.007930058534702647
4,0.0108,0.88,234.6035,2.192015551948137,4000,4,4,235.94875,2.2952166914639167,-0.005701449997086202
4,0.010599999999999998,0.88,239.4695,2.361916976819644,4000,3,3,241.24125,2.341855986066232,-0.007344307824636115
4,0.0104,0.88,249.9565,2.416593316582651,4000,3,3,248.54525,2.359600239750842,0.005678040517772902
4,0.0102,0.88,249.2845,2.3959606730545904,4000,3,4,252.702,2.4684779004046598,-0.013523834397828232
4,0.009999999999999998,0.88,260.94875,2.498063647378898,4000,5,5,261.8255,2.5064307164115953,-0.0033486043185249666
4,0.0098,0.88,259.2825,2.477615021040521,4000,4,6,261.22425,2.443625905775313,-0.0074332685422580655
4,0.009600000000000001,0.88,265.398,2.5527257493095097,4000,5,10,265.8345,2.5980041250536825,-0.00164199906332687
4,0.009399999999999999,0.88,271.70475,2.5843180327279662,4000,3,3,273.217,2.5976049768303713,-0.005534977691724873
4,0.0092,0.88,278.2465,2.6529477882968893,4000,3,3,280.74275,2.698816091396961,-0.008891592035769311
4,0.009000000000000001,0.88,284.292,2.6874888526435363,4000,3,5,276.109,2.595724219905969,0.02963684631793963
4,0.008799999999999999,0.88,290.281,2.78895122707206,4000,9,9,289.14225,2.7484508589868297,0.003938372894310728
4,0.0086,0.88,299.225,2.891747723259023,4000,3,3,296.55175,2.9375356779874586,0.009014446888274966
4,0.0084,0.88,303.6845,2.867294514764066,4000,4,5,298.25025,2.881594446287089,0.018220437367613338
4,0.008199999999999999,0.88,310.902,2.9192812728114172,4000,4,4,309.66725,2.962214194668095,0.0039873444802444
4,0.008,0.88,319.00325,3.038705253436682,4000,3,5,318.13675,3.100217891552649,0.0027236715028992205
4,0.0078,0.88,326.91225,3.1000872806699036,4000,3,3,324.57625,3.1358439734528942,0.00719707618779857
4,0.0076,0.88,333.02825,3.201972266366937,4000,10,13,336.76225,3.249163326429564,-0.011087941121666637
4,0.0074,0.88,345.23375,3.377959691981913,4000,3,3,345.6895,3.337738309348551,-0.001318379644160506
4,0.0072,0.88,350.17375,3.385358334504285,4000,4,4,350.32025,3.331914777797596,-0.00041818878583240105
4,0.007,0.88,368.14625,3.5020146511527614,4000,3,3,365.5615,3.4447919316412383,0.007070629702526074
4,0.0068000000000000005,0.88,380.52375,3.714231766245575,4000,5,5,379.6355,3.6722157585144384,0.0023397443073685884
4,0.0066,0.88,387.9885,3.7383963298073652,4000,3,5,383.462,3.6939637052851495,0.011804298731034623
4,0.0063999999999999994,0.88,421.742,4.341189565166462,4000,1,3,407.99075,4.003840059856987,0.03370480825852063
4,0.0062,0.88,414.78975,4.027886462348805,4000,3,3,411.402,4.001323327487142,0.008234646404247037
4,0.006,0.88,422.99475,4.073019034036335,4000,6,8,423.928,4.092398564473239,-0.0022014351493649556
4,0.0058,0.88,436.3425,4.260454836903194,4000,3,3,435.56575,4.093413588062549,0.0017833128523075856
4,0.0056,0.88,454.6545,4.4167790743691775,4000,4,4,450.61825,4.41007483714865,0.008957138331614389
4,0.0054,0.88,476.07675,4.628923870502636,4000,3,3,472.379,4.4704934618784735,0.007827930538825783
4,0.0052,0.88,493.5405,4.760528804509237,4000,3,5,494.778,4.759823950001591,-0.0025011217151935036
4,0.005,0.88,511.662,4.845495887584587,4000,3,3,512.84625,4.942927906292593,-0.0023091716084500504
4,0.015,0.9,162.16375,1.5189955796107817,4000,3,3,161.99275,1.5632816082542682,0.0010556027970387086
4,0.0148,0.9,168.31175,1.5955057349072443,4000,3,4,164.897,1.5797401661343313,0.020708381595784024
4,0.014599999999999998,0.9,167.7895,1.6070221070198794,4000,4,4,167.6715,1.5771675993205625,0.0007037570487530379
4,0.0144,0.9,172.196,1.6462649218908425,4000,3,8,169.869,1.621893791102674,0.013698791421624888
4,0.0142,0.9,172.314,1.6042630756842848,4000,7,10,172.282,1.610309564407821,0.0001857419811703037
4,0.013999999999999999,0.9,180.22475,1.816773403801246,4000,1,1,179.39325,1.6910699144249606,0.004635068487805452
4,0.0138,0.9,178.9505,1.7589386298883278,4000,3,3,177.34625,1.7125464355917153,0.009045863670644333
4,0.013600000000000001,0.9,181.3205,1.73357138946687,4000,3,4,178.525,1.7048328239124717,0.015658871306539722
4,0.013399999999999999,0.9,182.89675,1.7618052564911437,4000,3,3,183.23025,1.7692824177623045,-0.0018201143097278697
4,0.0132,0.9,184.29225,1.7600214143098039,4000,6,7,186.27175,1.7452717464199057,-0.010626946920292538
4,0.013000000000000001,0.9,188.545,1.7238280118688252,4000,5,6,188.99025,1.8022116705483682,-0.002355941642492222
4,0.012799999999999999,0.9,191.199,1.8618702935482643,4000,3,3,191.1395,1.7861343605468154,0.0003112909681149846
4,0.0126,0.9,193.4725,1.848585135363847,4000,5,6,193.27175,1.8153012298577764,0.0010386929284802323
4,0.0124,0.9,197.177,1.9060491989025778,4000,4,8,194.588,1.9121781873965327,0.01330503422615988
4,0.012199999999999999,0.9,200.343,1.8503982898845863,4000,3,3,199.98625,1.9247053054591476,0.0017838726412439695
4,0.012,0.9,206.219,1.940029236405866,4000,3,3,204.41375,1.924769388663031,0.00883135307678667
4,0.0118,0.9,210.591,1.994686723155013,4000,3,3,209.647,1.9910910535798987,0.0045028070995531385
4,0.0116,0.9,220.0045,2.2176839045302654,4000,1,4,214.10425,2.0412442320771227,0.027557836894877143
4,0.0114,0.9,223.3325,2.230518950745523,4000,1,7,219.6385,2.104026333281094,0.016818545018291498
4,0.0112,0.9,221.82275,2.124395731123318,4000,4,4,220.43875,2.1198203571755907,0.006278387987592992
4,0.011,0.9,224.213,2.1382202363635976,4000,4,7,222.017,2.086207862021637,0.009891134462676273
4,0.0108,0.9,226.3785,2.1902127904508193,4000,3,4,228.68575,2.135827811258251,-0.010089172587273192
4,0.010599999999999998,0.9,229.5015,2.1936812516397977,4000,3,3,231.26175,2.1708029690916284,-0.007611505145144034
4,0.0104,0.9,235.47275,2.2266392657914675,4000,4,4,236.65675,2.2484628090342693,-0.005003026535266785
4,0.0102,0.9,242.14375,2.2906685295045177,4000,3,5,241.11425,2.3593176755595944,0.00426976008261649
4,0.009999999999999998,0.9,243.46425,2.2747737149764946,4000,3,5,243.3115,2.323684169367094,0.0006277960556734782
4,0.0098,0.9,251.273,2.371561683565228,4000,3,5,254.10775,2.437428701450165,-0.011155700682092592
4,0.009600000000000001,0.9,256.49175,2.422831016707161,4000,3,3,255.04825,2.4070608303374077,0.0056597134071691485
4,0.009399999999999999,0.9,260.3435,2.5009015132612196,4000,3,3,259.447,2.453853428163901,0.0034554263491194856
4,0.0092,0.9,266.18175,2.49539704873635,4000,3,3,268.39675,2.586767321610781,-0.00825270797802125
4,0.009000000000000001,0.9,284.98225,2.785079244893125,4000,1,2,278.7565,2.744147205947501,0.022334008354962142
4,0.008799999999999999,0.9,281.75475,2.7206439727601266,4000,3,3,282.6425,2.696644075653142,-0.0031408935315813537
4,0.0086,0.9,284.09525,2.7183819303841825,4000,4,4,285.01375,2.7409046006276485,-0.0032226515387415327
4,0.0084,0.9,292.93075,2.8286903968001895,4000,4,6,295.639,2.6816172942047762,-0.00916066554142052
4,0.008199999999999999,0.9,295.693,2.761804270482815,4000,4,4,294.25625,2.7502339388066455,0.004882649051634284
4,0.008,0.9,306.426,2.978583912118372,4000,3,3,308.53275,2.950008388841112,-0.006828286462296251
4,0.0078,0.9,316.357,2.9993257161298534,4000,3,6,309.04825,2.939114123072033,0.02364921982247119
4,0.0076,0.9,324.72,3.1370910267359964,4000,3,3,323.6835,3.0539300424393367,0.003202202151175597
4,0.0074,0.9,334.8835,3.209515185954059,4000,13,13,333.267,3.1370220599481207,0.004850465242583366
4,0.0072,0.9,340.158,3.309223171455746,4000,11,11,340.8265,3.2625082704096124,-0.00196140851723676
4,0.007,0.9,371.2775,3.675931768549201,4000,1,4,358.026,3.380680379887714,0.03701267505711866
4,0.0068000000000000005,0.9,360.39275,3.399217673900572,4000,4,5,362.9,3.42723990527977,-0.006908928079360704
4,0.0066,0.9,374.5955,3.5496945717660986,4000,7,7,373.38975,3.497158613192406,0.003229199516055337
4,0.0063999999999999994,0.9,387.721,3.6346159732588346,4000,4,4,387.21825,3.673944252547537,0.001298363390671777
4,0.0062,0.9,394.9645,3.7395745131394733,4000,4,4,398.693,3.7754689416259666,-0.009351807029468782
4,0.006,0.9,411.87125,3.9605619305927906,4000,4,4,411.81775,3.942207393519239,0.0001299118360002342
4,0.0058,0.9,421.22875,3.9291519650747206,4000,5,5,421.65075,4.0524159260025,-0.0010008282921351982
4,0.0056,0.9,441.63075,4.271693890400234,4000,7,10,442.22575,4.2328308241566726,-0.0013454666536266314
4,0.0054,0.9,448.5655,4.292723995001521,4000,3,3,452.5195,4.364152636766586,-0.00873774500325402
4,0.0052,0.9,468.64675,4.34576319885869,4000,3,3,471.05,4.490922187649646,-0.005101900010614615
4,0.005,0.9,492.61825,4.7497826648253225,4000,7,7,489.523,4.711655446020061,0.006322991973819339
4,0.015,0.92,158.00675,1.4650231224443864,4000,3,8,158.80225,1.4898168678764943,-0.00500937486716955
4,0.0148,0.92,158.784,1.5046105972185346,4000,3,3,159.371,1.5142155731435625,-0.0036832296967454397
4,0.014599999999999998,0.92,161.9745,1.518788544234524,4000,3,3,161.59075,1.5428719339467274,0.002374826529365029
4,0.0144,0.92,167.7625,1.6196290695768136,4000,3,4,164.6875,1.5362091151756936,0.018671726755218148
4,0.0142,0.92,167.93875,1.5657349731391013,4000,3,4,164.906,1.5313480736693024,0.01839078020205446
4,0.013999999999999999,0.92,167.0495,1.542423913948458,4000,5,6,169.1535,1.5662791232760853,-0.0124384065360753
4,0.0138,0.92,171.75675,1.6121364367918998,4000,2,2,171.68925,1.6116202642305024,0.0003931521629922892
4,0.013600000000000001,0.92,174.69075,1.640674169828446,4000,3,3,176.178,1.668601101644459,-0.00844174641555693
4,0.013399999999999999,0.92,177.65425,1.6177807269078412,4000,3,3,177.21175,1.6693550894246623,0.0024970127545154057
4,0.0132,0.92,178.42225,1.6512552497143809,4000,4,4,178.58125,1.6592942140957425,-0.0008903510306934252
4,0.013000000000000001,0.92,181.71,1.732978910424473,4000,4,4,182.565,1.7292465894694713,-0.004683263495193437
4,0.012799999999999999,0.92,185.08425,1.733097247560491,4000,3,3,184.7605,1.7157037024895017,0.0017522684772989343
4,0.0126,0.92,188.10025,1.7502442725910603,4000,3,3,189.699,1.765858230032112,-0.008427825133501092
4,0.0124,0.92,193.51275,1.8279272178721544,4000,4,5,188.805,1.77694115651544,0.02493445618495275
4,0.012199999999999999,0.92,194.89475,1.8552909661968626,4000,4,6,196.36525,1.8451552062206409,-0.007488595869177542
4,0.012,0.92,195.28075,1.8803806636475047,4000,4,7,199.357,1.8753724345292184,-0.020446987063408795
4,0.0118,0.92,207.72925,2.039386337913489,4000,1,4,202.23775,1.9339069406898013,0.027153684215731246
4,0.0116,0.92,206.446,1.947352097348541,4000,3,3,206.593,1.9272017900144391,-0.0007115439535705051
4,0.0114,0.92,209.31325,1.9505185943246162,4000,7,7,208.104,1.9748839428297835,0.005810796524814503
4,0.0112,0.92,213.6245,2.043993145030514,4000,4,4,213.26275,2.0265386790939472,0.0016962643499626665
4,0.011,0.92,214.668,1.993419925592683,4000,3,3,214.2915,2.0133085915499147,0.0017569525622807855
4,0.0108,0.92,216.44425,1.9917541563002097,4000,5,7,218.62775,2.042872487940662,-0.009987295757285984
4,0.010599999999999998,0.92,224.3695,2.1157913142980136,4000,3,4,220.25325,2.0549267528550197,0.018688714014435562
4,0.0104,0.92,227.324,2.12126184591972,4000,2,2,228.664,2.186745210273402,-0.005860126648707165
4,0.0102,0.92,233.7045,2.209082995692549,4000,4,4,232.15275,2.2115753708080055,0.006684176689701063
4,0.009999999999999998,0.92,234.54775,2.22882027986654,4000,2,2,236.416,2.2148295032422043,-0.007902383933405477
4,0.0098,0.92,239.61475,2.231530055748029,4000,3,3,237.764,2.1961100668810896,0.007783979071684428
4,0.009600000000000001,0.92,244.55075,2.2443570105281943,4000,3,5,245.901,2.3546802446433417,-0.005491030943347188
4,0.009399999999999999,0.92,257.60025,2.486487033331585,4000,1,2,254.744,2.320604132954492,0.011212236598310528
4,0.0092,0.92,259.601,2.430480741316104,4000,3,3,260.3365,2.385595724064991,-0.002825189706399225
4,0.009000000000000001,0.92,263.2365,2.446968314143055,4000,3,6,260.35775,2.4776828982681516,0.01105690151339827
4,0.008799999999999999,0.92,267.4115,2.463481119624055,4000,3,3,269.74475,2.573045746865617,-0.008649843972867019
4,0.0086,0.92,272.86625,2.54981606801933,4000,3,4,276.8955,2.604951191983384,-0.014551518533165208
4,0.0084,0.92,281.4275,2.595880623216329,4000,4,4,283.71925,2.703864771680577,-0.008077527344372929
4,0.008199999999999999,0.92,289.93425,2.7870180927286197,4000,2,3,286.14225,2.727415801261813,0.013252149935914847
4,0.008,0.92,296.18825,2.77484211536002,4000,3,3,296.12275,2.7853163271646486,0.00022119205633469873
4,0.0078,0.92,302.81275,2.764114008759901,4000,6,6,305.49525,2.8564372569356533,-0.008780823924430919
4,0.0076,0.92,312.94625,2.997098574488446,4000,4,5,308.803,2.879683088713558,0.013417130014928686
4,0.0074,0.92,322.4925,3.033786446173782,4000,4,4,321.02225,3.0335239830390814,0.004579900614365582
4,0.0072,0.92,329.32025,3.108445738019393,4000,4,6,334.1905,3.1565165256310075,-0.01457327482379062
4,0.007,0.92,354.86475,3.516724801244945,4000,1,6,346.411,3.246255410206824,0.02440381512134434
4,0.0068000000000000005,0.92,348.11825,3.267035268648936,4000,10,10,349.6115,3.2828942056558694,-0.0042711695696508525
4,0.0066,0.92,360.9545,3.4128196834854165,4000,4,5,352.246,3.290584766880654,0.02472277896697199
4,0.0063999999999999994,0.92,371.5955,3.5539847420640687,4000,3,5,368.6105,3.461214447097969,0.00809797876077869
4,0.0062,0.92,382.366,3.6891427465674376,4000,4,6,384.02225,3.6848880293275594,-0.004312901140493813
4,0.006,0.92,398.24925,3.7485029144492183,4000,3,4,393.2835,3.6052818955421615,0.012626387834729944
4,0.0058,0.92,408.0115,3.90001852598975,4000,2,2,406.358,3.835691752057796,0.004069072098986628
4,0.0056,0.92,426.9035,4.027081280884235,4000,4,5,413.1365,3.8262864939809464,0.033323126860008725
4,0.0054,0.92,444.69775,4.2105205847535085,4000,3,6,440.7835,4.159116985065624,0.008880209898963962
4,0.0052,0.92,458.6405,4.303437385773241,4000,5,7,455.84975,4.289131725241543,0.006122082988967314
4,0.005,0.92,478.86875,4.513100364448398,4000,3,3,480.29875,4.556341247206976,-0.0029773135990880818
4,0.015,0.94,151.3695,1.3794568560639855,4000,6,6,150.86275,1.4163573419654412,0.003359013407882214
4,0.0148,0.94,158.18675,1.5455599818589236,4000,1,2,155.836,1.4614128293758974,0.015084768602890066
4,0.014599999999999998,0.94,156.48075,1.4593204536379172,4000,2,4,154.01325,1.4195817418133405,0.016021348812521007
4,0.0144,0.94,159.88975,1.5028000118789262,4000,4,4,159.756,1.5031098848159632,0.0008372142517338444
4,0.0142,0.94,163.7795,1.5459829755782224,4000,1,4,161.504,1.495304644544047,0.014089434317416426
4,0.013999999999999999,0.94,162.874,1.5377213426794638,4000,4,9,163.08475,1.5488004108139657,-0.0012922728826577508
4,0.0138,0.94,168.58425,1.6077342139825468,4000,1,5,166.29575,1.5421864447082705,0.013761626499775245
4,0.013600000000000001,0.94,170.04325,1.5992486107197648,4000,3,3,169.974,1.630153307499478,0.0004074152517444487
4,0.013399999999999999,0.94,174.916,1.6947095978825661,4000,1,3,171.70325,1.6045650749126015,0.018711061089408617
4,0.0132,0.94,175.05775,1.6134086201512219,4000,3,4,171.87725,1.5539646463610135,0.018504485032195914
4,0.013000000000000001,0.94,174.39675,1.5897109029783174,4000,3,3,173.20475,1.5996798744700675,0.00688202835083915
4,0.012799999999999999,0.94,177.2065,1.6551822774336313,4000,4,4,177.1045,1.607902121475546,0.0005759311592873353
4,0.0126,0.94,182.118,1.7225986489970266,4000,5,5,181.31,1.6717631928725016,0.004456455793944034
4,0.0124,0.94,182.94925,1.714117256228815,4000,2,2,182.32675,1.6598559128798667,0.0034142000556692986
4,0.012199999999999999,0.94,189.751,1.764610463323795,4000,4,5,186.2135,1.7198247159815228,0.018997011494870104
4,0.012,0.94,194.0675,1.819165385997904,4000,1,6,192.274,1.7791563886752173,0.009327834236558216
4,0.0118,0.94,195.42825,1.8620309483995088,4000,3,3,195.19425,1.8399685460074986,0.0011988058049864708
4,0.0116,0.94,198.02475,1.8338445697048138,4000,3,3,197.95025,1.8638462381415033,0.00037635719075879143
4,0.0114,0.94,200.0675,1.831949131483346,4000,3,3,200.771,1.8748490351161928,-0.003503992110414309
4,0.0112,0.94,207.9425,1.9673186724898641,4000,2,6,204.19925,1.9113808114844626,0.018331360178844874
4,0.011,0.94,207.70575,1.9788983491840797,4000,1,7,211.268,1.9378885151045824,-0.01686128519226767
4,0.0108,0.94,212.7375,1.9642750870465924,4000,2,2,211.2555,1.9585241597076457,0.007015201971072939
4,0.010599999999999998,0.94,216.4335,1.9767313641866058,4000,2,7,215.50275,2.01830613089761,0.004318970407570287
4,0.0104,0.94,220.024,2.0680396945040758,4000,4,6,216.84175,1.9840054173586326,0.01467544880079602
4,0.0102,0.94,221.1145,2.0466000135203104,4000,3,5,227.0435,2.1082738749081926,-0.026113938518389657
4,0.009999999999999998,0.94,227.967,2.1302206018868506,4000,6,7,230.25575,2.1750178473160653,-0.009940034070810363
4,0.0098,0.94,234.20125,2.230278199535028,4000,2,2,232.21375,2.236705328807609,0.008558924697611502
4,0.009600000000000001,0.94,239.53425,2.2401958510579267,4000,7,8,235.6795,2.2256302596007753,0.016355898582608993
4,0.009399999999999999,0.94,243.04825,2.2669284498266666,4000,5,5,241.89475,2.1832163833558766,0.0047686028737705475
4,0.0092,0.94,248.60975,2.3311072216768824,4000,4,5,246.21,2.312264770109983,0.00974676089517072
4,0.009000000000000001,0.94,258.21675,2.418746013005134,4000,3,5,256.55825,2.3617263208377914,0.006464418899021972
4,0.008799999999999999,0.94,266.57875,2.6113706676380364,4000,1,1,268.14275,2.4935229861242423,-0.005832714104707155
4,0.0086,0.94,273.33575,2.714793414111781,4000,1,1,271.49825,2.506776262661296,0.006767999425410787
4,0.0084,0.94,275.82425,2.636191351494576,4000,4,4,278.3195,2.5891212779986854,-0.008965415646406374
4,0.008199999999999999,0.94,278.12025,2.6499277776556616,4000,3,3,279.09275,2.6082758074121033,-0.003484504703185679
4,0.008,0.94,287.737,2.6931175806722276,4000,4,4,286.5935,2.6747135758087546,0.003989971859096655
4,0.0078,0.94,296.386,2.799607262850729,4000,4,4,294.25325,2.669803338464445,0.007248008305770775
4,0.0076,0.94,301.02325,2.862959253339269,4000,3,3,300.09725,2.7478000608492197,0.0030856663964766245
4,0.0074,0.94,310.655,2.9414852035240013,4000,3,3,312.737,2.9171750136502035,-0.006657351064952501
4,0.0072,0.94,312.54775,2.9532963438856044,4000,3,4,315.4605,2.870449504002162,-0.009233327151893872
4,0.007,0.94,328.1965,3.042659698593956,4000,3,3,328.422,3.1651343174993305,-0.000686616609118789
4,0.0068000000000000005,0.94,337.74775,3.1547955502259266,4000,3,4,334.21225,3.100177607861273,0.010578606858366243
4,0.0066,0.94,348.83325,3.290926641639029,4000,4,4,351.142,3.3158564217939968,-0.0065749753660911394
4,0.0063999999999999994,0.94,360.1955,3.4166570403349406,4000,2,2,358.699,3.3484446942151447,0.004172021667191626
4,0.0062,0.94,368.965,3.462158117194695,4000,8,8,366.56975,3.362377756852927,0.006534227115030566
4,0.006,0.94,380.6085,3.510781797427004,4000,3,4,387.4355,3.6281355648399787,-0.017620997559593787
4,0.0058,0.94,395.44725,3.6673690949206312,4000,3,4,388.28775,3.5395499136023068,0.018438645051253817
4,0.0056,0.94,421.8455,3.9647910000851354,4000,1,4,411.76525,3.835973583582512,0.024480574793526253
4,0.0054,0.94,421.7605,3.983189753211617,4000,2,4,421.31375,3.869921336477268,0.001060373652651858
4,0.0052,0.94,441.31825,4.0659303442293995,4000,3,3,439.8815,4.07031291502804,0.0032662205616739073
4,0.005,0.94,460.82225,4.171081921376405,4000,6,6,457.0565,4.180886347965124,0.00823913454901083
4,0.015,0.96,148.3015,1.3842954319429883,4000,3,3,147.78125,1.386451012914693,0.0035204060054980202
4,0.0148,0.96,149.32925,1.3746506837138421,4000,3,3,149.54475,1.3404014019460588,-0.0014410402237456789
4,0.014599999999999998,0.96,153.59275,1.4645216557905332,4000,1,4,152.6155,1.4172635425088487,0.006403346973275965
4,0.0144,0.96,152.58375,1.459059186569158,4000,2,2,153.42725,1.435067038925683,-0.0054977196032645935
4,0.0142,0.96,157.23825,1.4696046002767764,4000,4,5,156.6,1.4442736865360406,0.004075670498084287
4,0.013999999999999999,0.96,158.72825,1.4893218239716406,4000,2,4,156.43525,1.4103817288289822,0.014657821686608398
4,0.0138,0.96,160.37025,1.4580086551677294,4000,4,5,160.68775,1.4504144624942996,-0.001975881795594222
4,0.013600000000000001,0.96,162.73525,1.5135652064803624,4000,3,3,161.48675,1.4626000840492388,0.007731284455226246
4,0.013399999999999999,0.96,164.855,1.5016406360710857,4000,5,6,162.55825,1.4576881921215996,0.014128781529082672
4,0.0132,0.96,169.3475,1.5835471547558455,4000,1,3,169.44325,1.5711538199491673,-0.0005650859506059376
4,0.013000000000000001,0.96,171.69425,1.5971685661167774,4000,3,3,171.032,1.558539181443644,0.003872082417325414
4,0.012799999999999999,0.96,172.6305,1.5890031388204666,4000,3,3,171.89125,1.5968592128599812,0.004300684298939
4,0.0126,0.96,177.99925,1.689379934621058,4000,1,1,176.77925,1.629404030384402,0.006901262450202719
4,0.0124,0.96,177.323,1.618419209579052,4000,3,3,178.42125,1.6411961204517336,-0.006155376671780849
4,0.012199999999999999,0.96,183.94775,1.755643493424384,4000,1,9,183.8535,1.6850144518262198,0.0005126364197582129
4,0.012,0.96,187.50125,1.7652532125265934,4000,1,1,185.85625,1.6909234391313008,0.008850926455257816
4,0.0118,0.96,188.54525,1.7225342940585906,4000,3,5,187.43475,1.6736343906683389,0.005924728472174993
4,0.0116,0.96,194.9115,1.8410575874202169,4000,1,1,193.95775,1.7758948988910779,0.004917308021978937
4,0.0114,0.96,194.764,1.8070148108501098,4000,3,3,194.17,1.8059391266131475,0.003059174949786386
4,0.0112,0.96,196.62,1.8043648697383206,4000,4,5,200.07375,1.8667084608620164,-0.017262384495717133
4,0.011,0.96,204.03325,1.8824212237236533,4000,4,5,201.09125,1.8346093395370455,0.014630174112498714
4,0.0108,0.96,203.95,1.9288157526191785,4000,2,3,203.535,1.869179773859848,0.0020389613579973567
4,0.010599999999999998,0.96,209.18175,1.9019498304434206,4000,3,5,208.623,1.952427197295762,0.0026782761248759887
4,0.0104,0.96,212.30725,1.975349231909734,4000,2,3,210.263,1.912372806276942,0.009722347726418843
4,0.0102,0.96,222.41525,2.125478180018042,4000,1,2,217.4135,1.967852570791977,0.023005701117915802
4,0.009999999999999998,0.96,221.07975,2.023731076341843,4000,2,4,220.41675,1.9693730918627668,0.003007938371289761
4,0.0098,0.96,227.8715,2.1002712102789682,4000,3,3,228.8035,2.1628168070996603,-0.004073364262347457
4,0.009600000000000001,0.96,230.52275,2.151018093907965,4000,4,4,230.1685,2.1138232752875266,0.0015390898407036911
4,0.009399999999999999,0.96,242.80475,2.3143494410294165,4000,1,2,237.7245,2.158985283484136,0.02137032573420075
4,0.0092,0.96,238.766,2.199849374461256,4000,7,7,240.325,2.2489393390635724,-0.006487048788099439
4,0.009000000000000001,0.96,245.4635,2.3030113997360777,4000,4,4,244.98325,2.2592510476225125,0.001960338104748028
4,0.008799999999999999,0.96,257.62625,2.370075384785633,4000,1,2,254.25975,2.273304653691735,0.01324039687760265
4,0.0086,0.96,256.954,2.3593296092431135,4000,3,3,258.92025,2.404664805267212,-0.007594037160090808
4,0.0084,0.96,264.538,2.3975263131205726,4000,4,8,264.08325,2.447532187390281,0.0017219948633621783
4,0.008199999999999999,0.96,275.9255,2.617210668891375,4000,1,2,268.88675,2.4586240184553243,0.02617737765062798
4,0.008,0.96,275.1405,2.5080256902897324,4000,2,4,274.60225,2.602223309551386,0.00196010775585396
4,0.0078,0.96,287.6245,2.7200139464540847,4000,1,2,285.89825,2.694187913149752,0.006037987290933026
4,0.0076,0.96,293.97175,2.8325259113985277,4000,1,3,294.304,2.669010125451464,-0.0011289347069696224
4,0.0074,0.96,299.95225,2.752923062642976,4000,3,3,299.939,2.8085685783179266,4.4175649048542853e-05
4,0.0072,0.96,309.005,2.869565924647659,4000,4,9,301.7045,2.811203681071796,0.02419751776987085
4,0.007,0.96,324.4435,3.098086504107694,4000,1,6,320.9035,2.993566314909015,0.01103135366239372
4,0.0068000000000000005,0.96,324.98625,2.8625350071049085,4000,5,5,327.264,3.0757818005217965,-0.006959977266060507
4,0.0066,0.96,341.34425,3.2046148285767915,4000,1,2,338.4325,3.1556196649477504,0.008603635880123757
4,0.0063999999999999994,0.96,346.3175,3.162674963803452,4000,3,3,345.8265,3.1615382617457946,0.0014197870897689605
4,0.0062,0.96,354.66425,3.244169545429808,4000,2,5,352.85125,3.2563763261566936,0.0051381424892217
4,0.006,0.96,370.09375,3.476052498953122,4000,2,2,369.35025,3.364793935487201,0.0020129944409134235
4,0.0058,0.96,386.20925,3.667761798462646,4000,1,1,385.89825,3.565202398359691,0.0008059119210827688
4,0.0056,0.96,402.209,3.8159433546203774,4000,1,3,394.16425,3.6581716571195253,0.020409638875164407
4,0.0054,0.96,422.59275,4.0723482911595985,4000,1,2,414.72675,3.7703458094702826,0.018966705186005104
4,0.0052,0.96,440.36225,4.324365666295848,4000,1,2,436.389,4.051102245327872,0.009104835364777773
4,0.005,0.96,441.341,4.08526267791153,4000,4,5,444.68775,4.184136567105264,-0.007526067448451157
4,0.015,0.98,142.9195,1.300922261174704,4000,6,7,145.4975,1.3625769803737187,-0.017718517500300714
4,0.0148,0.98,147.32025,1.3875507186166416,4000,1,1,146.97725,1.3458148043030458,0.0023336945003392656
4,0.014599999999999998,0.98,145.3405,1.288510362657658,4000,2,2,146.4925,1.3323775904181074,-0.007863883816577743
4,0.0144,0.98,144.98875,1.3099255253944382,4000,2,2,145.86475,1.3289098877394991,-0.0060055633729189295
4,0.0142,0.98,151.28575,1.3713520885870605,4000,4,5,148.85325,1.3796440330838535,0.016341598184789412
4,0.013999999999999999,0.98,154.096,1.394720539156711,4000,4,5,151.868,1.385989226341202,0.01467063502515348
4,0.0138,0.98,157.89,1.4694368517106446,4000,1,2,153.5325,1.3833368230944452,0.028381613013531256
4,0.013600000000000001,0.98,157.07225,1.4230609730850097,4000,3,5,156.50075,1.4779369740568087,0.0036517396881483705
4,0.013399999999999999,0.98,160.5385,1.4920913891635137,4000,3,4,158.06275,1.4509533571140407,0.015663083174245702
4,0.0132,0.98,163.2645,1.5833095408709736,4000,1,1,162.819,1.4484873018483468,0.0027361671549389803
4,0.013000000000000001,0.98,164.629,1.4947583970047982,4000,2,3,163.12525,1.52200098960627,0.009218376676817333
4,0.012799999999999999,0.98,165.8175,1.5224886013769794,4000,3,3,167.193,1.4927981023211323,-0.008227019073765149
4,0.0126,0.98,171.33075,1.5421817888228415,4000,5,6,167.02625,1.5127738219553752,0.025771398208365392
4,0.0124,0.98,173.725,1.5768804985720046,4000,3,3,174.25875,1.5787716996542858,-0.0030629738822297173
4,0.012199999999999999,0.98,178.645,1.698299752476669,4000,1,2,175.76375,1.6307099413177542,0.016392743099757617
4,0.012,0.98,180.577,1.6633286831913534,4000,1,2,178.8775,1.659921107450062,0.009500915430951351
4,0.0118,0.98,181.88675,1.7151409659974557,4000,7,9,180.49125,1.6223679839445202,0.007731676743332424
4,0.0116,0.98,183.62175,1.693348022739538,4000,1,3,185.753,1.706358487414615,-0.011473569740461766
4,0.0114,0.98,190.52675,1.796181648174172,4000,1,1,190.429,1.738777609886946,0.0005133146737103628
4,0.0112,0.98,189.331,1.7410259626440527,4000,3,7,194.3015,1.7965821582383381,-0.02558137739543964
4,0.011,0.98,198.71775,1.836386662777799,4000,1,2,192.874,1.770167373197315,0.030298277632029202
4,0.0108,0.98,198.31425,1.8436508987315015,4000,1,1,199.57475,1.898656617808355,-0.006315929244556275
4,0.010599999999999998,0.98,201.5615,1.8511405226903186,4000,4,4,201.545,1.8572311570299107,8.186757299862429e-05
4,0.0104,0.98,207.111,1.9682408485140837,4000,1,1,206.92475,1.918113412086152,0.0009000856591587094
4,0.0102,0.98,210.53425,1.9505809450623126,4000,1,1,212.375,1.9486904108475858,-0.008667451442024786
4,0.009999999999999998,0.98,213.17225,1.9747319530903464,4000,2,2,212.907,1.9397434079981346,0.0012458491266138757
4,0.0098,0.98,219.80625,2.0187532399714803,4000,1,1,219.53925,1.97231088888643,0.0012161834387244919
4,0.009600000000000001,0.98,221.682,1.9871937068909957,4000,3,4,224.668,2.0471880565142726,-0.013290722310253434
4,0.009399999999999999,0.98,226.34225,2.037352413046921,4000,3,5,225.60675,2.0415280393110447,0.003260097492650383
4,0.0092,0.98,233.1465,2.1322512476918196,4000,1,2,234.0225,2.183915834122307,-0.0037432298176457595
4,0.009000000000000001,0.98,236.815,2.112537963661713,4000,3,4,241.3625,2.153501315396941,-0.01884095499508007
4,0.008799999999999999,0.98,248.481,2.2780178337894474,4000,1,2,243.59875,2.204383562094306,0.020042180019396647
4,0.0086,0.98,250.474,2.3304270378075853,4000,1,4,248.74675,2.2026756112899415,0.00694380931610161
4,0.0084,0.98,259.31525,2.4325067809091854,4000,1,1,257.0335,2.324098013710229,0.00887724751831955
4,0.008199999999999999,0.98,264.7585,2.4134339301649255,4000,2,3,260.67275,2.393800087533239,0.015673866946199856
4,0.008,0.98,271.45275,2.5133292955552697,4000,2,2,270.86375,2.48630490879724,0.002174525014882939
4,0.0078,0.98,275.779,2.49880502368364,4000,4,4,274.14975,2.4568086124836763,0.005942919882290658
4,0.0076,0.98,281.6675,2.600398720256872,4000,1,1,280.215,2.626848235369321,0.005183519797298658
4,0.0074,0.98,290.92125,2.664568561421155,4000,1,3,291.823,2.710579731048248,-0.0030900580146184255
4,0.0072,0.98,304.606,2.7775086776846716,4000,1,4,298.86625,2.7658095362537316,0.01920507919512496
4,0.007,0.98,301.91725,2.69909853170097,4000,3,4,310.69225,2.8581652396456465,-0.028243382318033285
4,0.0068000000000000005,0.98,317.02625,2.8504605192016355,4000,5,6,314.57375,2.8633838167376138,0.007796263992148061
4,0.0066,0.98,328.3595,3.034736536571025,4000,1,1,328.84025,3.0448507699946905,-0.001461956071375084
4,0.0063999999999999994,0.98,336.7305,3.1130348076862178,4000,1,3,334.86125,3.0379129724889222,0.005582162761442306
4,0.0062,0.98,348.56825,3.235782870215517,4000,2,2,347.621,3.1713839855567727,0.0027249504489084285
4,0.006,0.98,356.52575,3.280549700251214,4000,3,3,353.589,3.2032158712346304,0.008305546835450248
4,0.0058,0.98,366.1275,3.2429669508952212,4000,3,3,364.196,3.3869908765450565,0.005303462970488339
4,0.0056,0.98,386.7165,3.558191090694396,4000,1,2,386.108,3.5217677444731508,0.001575983921597046
4,0.0054,0.98,394.81025,3.6202213933637566,4000,2,3,405.872,3.662689053383517,-0.027254282138211103
4,0.0052,0.98,408.258,3.805947078887438,4000,2,7,422.1395,3.9395528812497926,-0.032883679447197
4,0.005,0.98,431.87175,3.9277128914450685,4000,4,4,428.265,3.9313244774231872,0.008421771566670249
4,0.015,1.0,138.63375,1.2310227483625644,4000,1,1,137.9005,1.2548622712343542,0.005317239603917304
4,0.0148,1.0,141.73175,1.2575238723605862,4000,2,4,141.91975,1.2772095143398576,-0.001324692299697457
4,0.014599999999999998,1.0,141.83625,1.2798967313401104,4000,2,3,144.40675,1.312324797907582,-0.017800414454310354
4,0.0144,1.0,145.4405,1.2939069378160208,4000,3,4,142.128,1.286590254362536,0.023306456152200835
4,0.0142,1.0,144.13975,1.3085238299846833,4000,1,2,146.91525,1.3431310498658176,-0.018891844107402016
4,0.013999999999999999,1.0,146.9755,1.3574721111575894,4000,2,5,150.4725,1.3631491498873884,-0.023240126933492738
4,0.0138,1.0,151.941,1.3809052210623975,4000,1,1,150.799,1.3478415407438438,0.007572994515878725
4,0.013600000000000001,1.0,153.277,1.3760427195917777,4000,1,4,151.25425,1.3515893792853377,0.013373177943760082
4,0.013399999999999999,1.0,155.169,1.3886666117141373,4000,6,7,153.1715,1.3884306183000137,0.013040937772366283
4,0.0132,1.0,156.509,1.412787173161323,4000,2,2,156.29825,1.423167128415783,0.0013483836191383475
4,0.013000000000000001,1.0,159.69725,1.4557552434875893,4000,1,1,160.4985,1.4567394317037177,-0.004992258494627739
4,0.012799999999999999,1.0,162.7655,1.4915335381785346,4000,1,5,162.127,1.4730901929037161,0.003938270615011647
4,0.0126,1.0,164.391,1.466930980440233,4000,1,7,163.556,1.4581267089573675,0.005105285039986179
4,0.0124,1.0,167.75825,1.495818904574747,4000,3,3,168.2285,1.552353865124876,-0.0027953051950174493
4,0.012199999999999999,1.0,168.99575,1.4924992282982905,4000,3,3,168.5255,1.5029578114449007,0.0027903789040827232
4,0.012,1.0,173.59775,1.5323060159987762,4000,1,1,173.02425,1.5716863841132163,0.0033145642879538312
4,0.0118,1.0,175.22325,1.5759737150876079,4000,2,3,172.25475,1.5185265288476453,0.017233196762353468
4,0.0116,1.0,179.035,1.6233808579943667,4000,1,1,177.6785,1.587239267268924,0.0076345759334977645
4,0.0114,1.0,179.6775,1.5977552077409936,4000,1,2,183.81625,1.6470681011472565,-0.02251569162138814
4,0.0112,1.0,183.35325,1.705388688467841,4000,6,6,184.4135,1.665119826152569,-0.005749307941121428
4,0.011,1.0,189.34325,1.6938519020049707,4000,2,2,189.6155,1.7114521413248784,-0.0014358003433262863
4,0.0108,1.0,192.23375,1.7271099429170993,4000,2,2,190.80575,1.6994161888955115,0.007484051188184828
4,0.010599999999999998,1.0,194.2975,1.7393947214294787,4000,1,1,194.49175,1.7334748243704192,-0.0009987570166857078
4,0.0104,1.0,200.8395,1.8107574093556498,4000,2,2,200.88,1.8490194004352134,-0.00020161290322584947
4,0.0102,1.0,203.204,1.8406818025869092,4000,3,4,199.5835,1.7961859808931226,0.01814027712711733
4,0.009999999999999998,1.0,211.13275,1.8774830938123686,4000,2,2,210.462,1.8627015134562108,0.003187036139540621
4,0.0098,1.0,210.94975,1.896568592047348,4000,2,2,212.4465,1.9346983418238524,-0.007045303170445226
4,0.009600000000000001,1.0,216.99625,1.9875015030284908,4000,2,3,213.813,1.9194509516366742,0.014888009615879369
4,0.009399999999999999,1.0,222.972,2.0571085236004123,4000,3,3,223.43925,2.0315306376085642,-0.0020911724327752563
4,0.0092,1.0,224.3115,2.080804604927736,4000,2,2,223.246,2.00673780553291,0.004772761885991175
4,0.009000000000000001,1.0,231.227,2.069679386025825,4000,1,1,229.4045,2.0831936765243357,0.007944482344504972
4,0.008799999999999999,1.0,238.3515,2.145380741632856,4000,2,3,231.54875,2.109928163486412,0.02937934236310917
4,0.0086,1.0,241.72425,2.192170233026399,4000,1,1,242.26075,2.2122619285630525,-0.0022145560104143555
4,0.0084,1.0,250.27975,2.27887048450667,4000,1,3,249.51925,2.2246204769411753,0.0030478610367737457
4,0.008199999999999999,1.0,251.65275,2.2298018793078045,4000,1,3,251.51,2.2815004462133066,0.0005675718659298104
4,0.008,1.0,259.90325,2.319505793081882,4000,1,1,261.2375,2.3734941577907382,-0.005107421407722847
4,0.0078,1.0,268.22575,2.4588772521355438,4000,1,1,268.3225,2.417169869078608,-0.00036057356352890983
4,0.0076,1.0,271.477,2.453734973785962,4000,1,3,273.4985,2.4413019299578256,-0.007391265399993065
4,0.0074,1.0,283.65075,2.515739638772641,4000,1,1,282.73925,2.5157457262209797,0.003223818412194237
4,0.0072,1.0,284.531,2.5158831305789393,4000,1,3,289.12025,2.5528808232286866,-0.015873153125732262
4,0.007,1.0,298.1225,2.658037605907054,4000,1,1,299.4035,2.7074699712737047,-0.004278507098280434
4,0.0068000000000000005,1.0,308.26575,2.7100383731102973,4000,1,2,310.55975,2.765514057003552,-0.007386662308943714
4,0.0066,1.0,318.595,2.82938128720169,4000,1,1,318.62075,2.9302715706447424,-8.081708426070659e-05
4,0.0063999999999999994,1.0,324.838,2.9131325320498758,4000,2,3,329.32175,2.9982174093355516,-0.013615104377405944
4,0.0062,1.0,338.20075,3.1003235700357314,4000,4,4,337.1835,3.011845075635101,0.0030169032589081224
4,0.006,1.0,347.33,3.155641898877071,4000,2,4,343.01775,3.0840168042094933,0.012571506868084833
4,0.0058,1.0,362.789,3.3040965305542764,4000,1,2,358.50575,3.2971554482988723,0.011947507118086696
4,0.0056,1.0,373.741,3.4328220055051455,4000,2,5,368.092,3.326787040374391,0.015346706801560483
4,0.0054,1.0,387.03275,3.5734726067198443,4000,2,2,385.33125,3.5109740800249476,0.004415681313155915
4,0.0052,1.0,404.6515,3.5752047191921097,4000,1,9,400.57075,3.5965303948847294,0.010187338940748978
4,0.005,1.0,413.38125,3.659705942627905,4000,1,2,421.689,3.8414091230644374,-0.01970113045396014
